<powerpagecomponent powerpagecomponentid="ab814775-4ec6-412b-8344-fa76dfa122ce">
  <content>{
  "filecontent": null,
  "disablepagevalidation": false,
  "displayimageonly": false,
  "displayorder": 5,
  "displaypagechildlinks": false,
  "openinnewwindow": false,
  "pageid": "62be5f7f-4b84-46cc-9124-082711342c67",
  "parentweblinkid": null,
  "publishingstateid": "15f46558-d901-417e-9f65-d964eabe81d3",
  "robotsfollowlink": true,
  "weblinksetid": "ece6526c-7323-4a17-b6d1-b3d2c02a0694"
}</content>
  <iscustomizable>1</iscustomizable>
  <name>Stories</name>
  <powerpagecomponenttype>5</powerpagecomponenttype>
  <powerpagesiteid>
    <powerpagesiteid>fcc93e5b-6ee4-49ba-b5e2-7c0240ecd9fb</powerpagesiteid>
  </powerpagesiteid>
  <statecode>0</statecode>
  <statuscode>1</statuscode>
</powerpagecomponent>