<ImportExportXml version="9.2.24033.212" SolutionPackageVersion="9.2" languagecode="1033" generatedBy="CrmLive" xmlns:xsi="http://www.w3.org/2001/XMLSchema-instance">
  <SolutionManifest>
    <UniqueName>0504_Projeto</UniqueName>
    <LocalizedNames>
      <LocalizedName description="0504_Projeto" languagecode="1033" />
    </LocalizedNames>
    <Descriptions />
    <Version>1.0.0.0</Version>
    <Managed>1</Managed>
    <Publisher>
      <UniqueName>DefaultPublisherorgeb2e5aa5</UniqueName>
      <LocalizedNames>
        <LocalizedName description="Default Publisher for orgeb2e5aa5" languagecode="1033" />
      </LocalizedNames>
      <Descriptions>
        <Description description="Default publisher for this organization" languagecode="1033" />
      </Descriptions>
      <EMailAddress xsi:nil="true"></EMailAddress>
      <SupportingWebsiteUrl xsi:nil="true"></SupportingWebsiteUrl>
      <CustomizationPrefix>new</CustomizationPrefix>
      <CustomizationOptionValuePrefix>10000</CustomizationOptionValuePrefix>
      <Addresses>
        <Address>
          <AddressNumber>1</AddressNumber>
          <AddressTypeCode xsi:nil="true"></AddressTypeCode>
          <City xsi:nil="true"></City>
          <County xsi:nil="true"></County>
          <Country xsi:nil="true"></Country>
          <Fax xsi:nil="true"></Fax>
          <FreightTermsCode xsi:nil="true"></FreightTermsCode>
          <ImportSequenceNumber xsi:nil="true"></ImportSequenceNumber>
          <Latitude xsi:nil="true"></Latitude>
          <Line1 xsi:nil="true"></Line1>
          <Line2 xsi:nil="true"></Line2>
          <Line3 xsi:nil="true"></Line3>
          <Longitude xsi:nil="true"></Longitude>
          <Name xsi:nil="true"></Name>
          <PostalCode xsi:nil="true"></PostalCode>
          <PostOfficeBox xsi:nil="true"></PostOfficeBox>
          <PrimaryContactName xsi:nil="true"></PrimaryContactName>
          <ShippingMethodCode xsi:nil="true"></ShippingMethodCode>
          <StateOrProvince xsi:nil="true"></StateOrProvince>
          <Telephone1 xsi:nil="true"></Telephone1>
          <Telephone2 xsi:nil="true"></Telephone2>
          <Telephone3 xsi:nil="true"></Telephone3>
          <TimeZoneRuleVersionNumber xsi:nil="true"></TimeZoneRuleVersionNumber>
          <UPSZone xsi:nil="true"></UPSZone>
          <UTCOffset xsi:nil="true"></UTCOffset>
          <UTCConversionTimeZoneCode xsi:nil="true"></UTCConversionTimeZoneCode>
        </Address>
        <Address>
          <AddressNumber>2</AddressNumber>
          <AddressTypeCode xsi:nil="true"></AddressTypeCode>
          <City xsi:nil="true"></City>
          <County xsi:nil="true"></County>
          <Country xsi:nil="true"></Country>
          <Fax xsi:nil="true"></Fax>
          <FreightTermsCode xsi:nil="true"></FreightTermsCode>
          <ImportSequenceNumber xsi:nil="true"></ImportSequenceNumber>
          <Latitude xsi:nil="true"></Latitude>
          <Line1 xsi:nil="true"></Line1>
          <Line2 xsi:nil="true"></Line2>
          <Line3 xsi:nil="true"></Line3>
          <Longitude xsi:nil="true"></Longitude>
          <Name xsi:nil="true"></Name>
          <PostalCode xsi:nil="true"></PostalCode>
          <PostOfficeBox xsi:nil="true"></PostOfficeBox>
          <PrimaryContactName xsi:nil="true"></PrimaryContactName>
          <ShippingMethodCode xsi:nil="true"></ShippingMethodCode>
          <StateOrProvince xsi:nil="true"></StateOrProvince>
          <Telephone1 xsi:nil="true"></Telephone1>
          <Telephone2 xsi:nil="true"></Telephone2>
          <Telephone3 xsi:nil="true"></Telephone3>
          <TimeZoneRuleVersionNumber xsi:nil="true"></TimeZoneRuleVersionNumber>
          <UPSZone xsi:nil="true"></UPSZone>
          <UTCOffset xsi:nil="true"></UTCOffset>
          <UTCConversionTimeZoneCode xsi:nil="true"></UTCConversionTimeZoneCode>
        </Address>
      </Addresses>
    </Publisher>
    <RootComponents>
      <RootComponent type="1" schemaName="contact" behavior="0" />
      <RootComponent type="1" schemaName="crfed_cadastro" behavior="0" />
      <RootComponent type="1" schemaName="new_1504_primeiro_teste" behavior="1" />
      <RootComponent type="29" id="{0e8b2b6f-4df3-ee11-a1fd-000d3a65976c}" behavior="0" />
      <RootComponent type="29" id="{49dc2d45-2bf3-ee11-a1fd-000d3a65976c}" behavior="0" />
      <RootComponent type="29" id="{56aca52e-11fb-ee11-a1ff-000d3a466029}" behavior="0" />
      <RootComponent type="29" id="{971689d2-45f3-ee11-a1fd-000d3a65976c}" behavior="0" />
      <RootComponent type="29" id="{df25bcea-35f3-ee11-a1fd-000d3a65976c}" behavior="0" />
      <RootComponent type="29" id="{f233730f-4bf3-ee11-a1fd-000d3a65976c}" behavior="0" />
      <RootComponent type="62" schemaName="new_Cadastro_PGG_Projeto" behavior="0" />
      <RootComponent type="62" schemaName="new_Cadastro_Projeto" behavior="0" />
      <RootComponent type="80" schemaName="new_Cadastro_PGG_Projeto" behavior="0" />
    </RootComponents>
    <MissingDependencies>
      <MissingDependency>
        <Required type="1" schemaName="adx_externalidentity" displayName="External Identity" solution="PowerPages_RuntimeCore (1.0.2312.2)" />
        <Dependent type="1" schemaName="contact" displayName="Contact" />
      </MissingDependency>
      <MissingDependency>
        <Required type="1" schemaName="adx_invitation" displayName="Invitation" solution="PowerPages_RuntimeCore (1.0.2312.2)" />
        <Dependent type="1" schemaName="contact" displayName="Contact" />
      </MissingDependency>
      <MissingDependency>
        <Required type="1" schemaName="adx_webformsession" displayName="Multistep Form Session" solution="PowerPages_RuntimeCore (1.0.2312.2)" />
        <Dependent type="1" schemaName="contact" displayName="Contact" />
      </MissingDependency>
      <MissingDependency>
        <Required type="1" schemaName="new_1504_primeiro_teste" displayName="1504_Teste_1" solution="Active" />
        <Dependent type="1" schemaName="new_1504_primeiro_teste" displayName="1504_Teste_1" />
      </MissingDependency>
      <MissingDependency>
        <Required type="10" schemaName="msa_contact_managingpartner" displayName="msa_contact_managingpartner" parentSchemaName="account" parentDisplayName="Account" solution="PowerPages_RuntimeCoreDependencies (1.0.2305.1)" />
        <Dependent type="10" schemaName="msa_contact_managingpartner" displayName="msa_contact_managingpartner" parentSchemaName="account" parentDisplayName="Account" />
      </MissingDependency>
      <MissingDependency>
        <Required type="10" schemaName="adx_invitation_invitecontacts" displayName="adx_invitation_invitecontacts" parentSchemaName="adx_invitation" parentDisplayName="Invitation" solution="PowerPages_RuntimeCore (1.0.2312.2)" />
        <Dependent type="10" schemaName="adx_invitation_invitecontacts" displayName="adx_invitation_invitecontacts" parentSchemaName="adx_invitation" parentDisplayName="Invitation" />
      </MissingDependency>
      <MissingDependency>
        <Required type="10" schemaName="adx_invitation_redeemedcontacts" displayName="adx_invitation_redeemedcontacts" parentSchemaName="adx_invitation" parentDisplayName="Invitation" solution="PowerPages_RuntimeCore (1.0.2312.2)" />
        <Dependent type="10" schemaName="adx_invitation_redeemedcontacts" displayName="adx_invitation_redeemedcontacts" parentSchemaName="adx_invitation" parentDisplayName="Invitation" />
      </MissingDependency>
      <MissingDependency>
        <Required type="10" schemaName="powerpagecomponent_mspp_webrole_contact" displayName="powerpagecomponent_mspp_webrole_contact" parentSchemaName="powerpagecomponent" parentDisplayName="Site Component" solution="PowerPages_RuntimeExtensions (1.0.2310.1)" />
        <Dependent type="10" schemaName="powerpagecomponent_mspp_webrole_contact" displayName="powerpagecomponent_mspp_webrole_contact" parentSchemaName="powerpagecomponent" parentDisplayName="Site Component" />
      </MissingDependency>
      <MissingDependency>
        <Required type="2" schemaName="msa_managingpartnerid" displayName="Managing Partner" parentSchemaName="contact" parentDisplayName="Contact" solution="PowerPages_RuntimeCoreDependencies (1.0.2305.1)" />
        <Dependent type="2" schemaName="parentcustomerid" displayName="Company Name" parentSchemaName="contact" parentDisplayName="Contact" />
      </MissingDependency>
      <MissingDependency>
        <Required type="2" schemaName="msdyn_isminor" displayName="Is Minor" parentSchemaName="contact" parentDisplayName="Contact" solution="msdynce_PortalPrivacyExtensions (9.2.10.0)" />
        <Dependent type="2" schemaName="msdyn_isminor" displayName="Is Minor" parentSchemaName="contact" parentDisplayName="Contact" />
      </MissingDependency>
      <MissingDependency>
        <Required type="2" schemaName="msdyn_isminorwithparentalconsent" displayName="Is Minor with Parental Consent" parentSchemaName="contact" parentDisplayName="Contact" solution="msdynce_PortalPrivacyExtensions (9.2.10.0)" />
        <Dependent type="2" schemaName="msdyn_isminorwithparentalconsent" displayName="Is Minor with Parental Consent" parentSchemaName="contact" parentDisplayName="Contact" />
      </MissingDependency>
      <MissingDependency>
        <Required type="61" schemaName="msdyn_/Images/AppModule_Default_Icon.png" displayName="msdyn_/Images/AppModule_Default_Icon.png" solution="AppModuleWebResources (2.5)" />
        <Dependent type="80" schemaName="new_Cadastro_PGG_Projeto" displayName="Cadastro_PGG_Projeto" />
      </MissingDependency>
      <MissingDependency>
        <Required type="9" schemaName="msdyn_contact_msdyn_isminor" displayName="Is Minor" solution="msdynce_PortalPrivacyExtensions (9.2.10.0)" />
        <Dependent type="9" schemaName="msdyn_contact_msdyn_isminor" displayName="Is Minor" />
      </MissingDependency>
      <MissingDependency>
        <Required type="9" schemaName="msdyn_contact_msdyn_isminorwithparentalconsent" displayName="Is Minor with Parental Consent" solution="msdynce_PortalPrivacyExtensions (9.2.10.0)" />
        <Dependent type="9" schemaName="msdyn_contact_msdyn_isminorwithparentalconsent" displayName="Is Minor with Parental Consent" />
      </MissingDependency>
      <MissingDependency>
        <Required type="SettingDefinition" displayName="AppChannel" solution="msdyn_AppFrameworkInfraExtensions (1.0.0.8)" id.uniquename="AppChannel" />
        <Dependent type="AppSetting" displayName="parentappmoduleid.uniquename=new_Cadastro_PGG_Projeto,settingdefinitionid.uniquename=AppChannel" id.parentappmoduleid.uniquename="new_Cadastro_PGG_Projeto" id.settingdefinitionid.uniquename="AppChannel" />
      </MissingDependency>
    </MissingDependencies>
  </SolutionManifest>
</ImportExportXml>