<powerpagecomponent powerpagecomponentid="4ed15dc7-12d6-4f6d-8937-1319ca7d5895">
  <content>{"createdOn":"2024-04-24T13:09:16.266Z","parentpageid":"bac431e8-72b1-45c8-b25a-d65dc26691d2","publishingstateid":"15f46558-d901-417e-9f65-d964eabe81d3","partialurl":"Woman-in-workout-outfit-lifting-dumbbell.jpg","title":"","summary":"","enabletracking":false,"excludefromsearch":false,"hiddenfromsitemap":false}</content>
  <filecontent mimetype="image/jpeg">Woman-in-workout-outfit-lifting-dumbbell.jpg</filecontent>
  <iscustomizable>1</iscustomizable>
  <name>Woman-in-workout-outfit-lifting-dumbbell.jpg</name>
  <powerpagecomponenttype>3</powerpagecomponenttype>
  <powerpagesiteid>
    <powerpagesiteid>fcc93e5b-6ee4-49ba-b5e2-7c0240ecd9fb</powerpagesiteid>
  </powerpagesiteid>
  <statecode>0</statecode>
  <statuscode>1</statuscode>
</powerpagecomponent>