<powerpagecomponent powerpagecomponentid="19f611c4-3990-41c7-b7de-86cfbed6a619">
  <content>{"enablerating":false,"enabletracking":false,"excludefromsearch":false,"feedbackpolicy":756150000,"hiddenfromsitemap":true,"isroot":true,"pagetemplateid":"e9eb5a6d-f090-43d4-a058-207df4632b03","parentpageid":"bac431e8-72b1-45c8-b25a-d65dc26691d2","partialurl":"profile","publishingstateid":"15f46558-d901-417e-9f65-d964eabe81d3","sharedpageconfiguration":false,"title":"Profile"}</content>
  <iscustomizable>1</iscustomizable>
  <name>Profile</name>
  <powerpagecomponenttype>2</powerpagecomponenttype>
  <powerpagesiteid>
    <powerpagesiteid>fcc93e5b-6ee4-49ba-b5e2-7c0240ecd9fb</powerpagesiteid>
  </powerpagesiteid>
  <searchcontent>ProfileProfile</searchcontent>
  <statecode>0</statecode>
  <statuscode>1</statuscode>
</powerpagecomponent>