<powerpagecomponent powerpagecomponentid="2afb957c-d150-4841-964d-49bf3e53f2da">
  <content>{"createdOn":"2024-04-24T10:32:13.498Z","parentpageid":"bac431e8-72b1-45c8-b25a-d65dc26691d2","publishingstateid":"15f46558-d901-417e-9f65-d964eabe81d3","partialurl":"pngimg.com - yogaPNG114.png","title":"","summary":"","enabletracking":false,"excludefromsearch":false,"hiddenfromsitemap":false}</content>
  <filecontent mimetype="image/png">pngimg.com%20-%20yoga_PNG114.png</filecontent>
  <iscustomizable>1</iscustomizable>
  <name>pngimg.com - yoga_PNG114.png</name>
  <powerpagecomponenttype>3</powerpagecomponenttype>
  <powerpagesiteid>
    <powerpagesiteid>fcc93e5b-6ee4-49ba-b5e2-7c0240ecd9fb</powerpagesiteid>
  </powerpagesiteid>
  <statecode>0</statecode>
  <statuscode>1</statuscode>
</powerpagecomponent>