<powerpagecomponent powerpagecomponentid="18c51c02-80cb-41c2-8bdb-ee0bf5669d77">
  <content>{"display_name":"Header/Toggle Navigation","type":756150001,"value":"Toggle navigation\r\n"}</content>
  <iscustomizable>1</iscustomizable>
  <name>Header/Toggle Navigation</name>
  <powerpagecomponenttype>7</powerpagecomponenttype>
  <powerpagesiteid>
    <powerpagesiteid>fcc93e5b-6ee4-49ba-b5e2-7c0240ecd9fb</powerpagesiteid>
  </powerpagesiteid>
  <powerpagesitelanguageid>
    <powerpagesitelanguageid>eb436cd2-d288-436c-b151-ab5cd4382336</powerpagesitelanguageid>
  </powerpagesitelanguageid>
  <statecode>0</statecode>
  <statuscode>1</statuscode>
</powerpagecomponent>