<powerpagecomponent powerpagecomponentid="ac4d984e-ec5b-4602-91cf-323a9e1a3e85">
  <content>{"adx_webpageaccesscontrolrule_webrole":["b64a9fdf-bb07-4400-9531-58a1fbcc5f9a"],"right":1,"scope":1,"webpageid":"bac431e8-72b1-45c8-b25a-d65dc26691d2"}</content>
  <iscustomizable>1</iscustomizable>
  <name>Grant Change to Administrators</name>
  <powerpagecomponenttype>10</powerpagecomponenttype>
  <powerpagesiteid>
    <powerpagesiteid>fcc93e5b-6ee4-49ba-b5e2-7c0240ecd9fb</powerpagesiteid>
  </powerpagesiteid>
  <statecode>0</statecode>
  <statuscode>1</statuscode>
</powerpagecomponent>