{
  "properties": {
    "connectionReferences": {
      "shared_office365": {
        "api": {
          "name": "shared_office365"
        },
        "connection": {
          "connectionReferenceLogicalName": "crd15_sharedoffice365_39388"
        },
        "runtimeSource": "embedded"
      }
    },
    "definition": {
      "$schema": "https://schema.management.azure.com/providers/Microsoft.Logic/schemas/2016-06-01/workflowdefinition.json#",
      "contentVersion": "1.0.0.0",
      "parameters": {
        "$authentication": {
          "defaultValue": {},
          "type": "SecureObject"
        },
        "$connections": {
          "defaultValue": {},
          "type": "Object"
        }
      },
      "triggers": {
        "manual": {
          "type": "Request",
          "kind": "Skills",
          "inputs": {
            "schema": {
              "type": "object",
              "properties": {
                "text": {
                  "description": "Please enter your input",
                  "title": "Email",
                  "type": "string",
                  "x-ms-content-hint": "TEXT",
                  "x-ms-dynamically-added": true
                },
                "text_1": {
                  "description": "Please enter your input",
                  "title": "Cidade",
                  "type": "string",
                  "x-ms-content-hint": "TEXT",
                  "x-ms-dynamically-added": true
                }
              },
              "required": [
                "text",
                "text_1"
              ]
            }
          },
          "metadata": {
            "operationMetadataId": "b8f61c18-7224-4f8a-9c5f-72fbce5df764"
          }
        }
      },
      "actions": {
        "Respond_to_Copilot": {
          "type": "Response",
          "kind": "Skills",
          "inputs": {
            "schema": {
              "type": "object",
              "properties": {
                "output_email": {
                  "title": "Output_Email",
                  "type": "string",
                  "x-ms-content-hint": "TEXT",
                  "x-ms-dynamically-added": true
                },
                "output_cidade": {
                  "title": "Output_Cidade",
                  "type": "string",
                  "x-ms-content-hint": "TEXT",
                  "x-ms-dynamically-added": true
                }
              },
              "additionalProperties": {}
            },
            "statusCode": 200,
            "body": {
              "output_email": "email",
              "output_cidade": "cidade"
            }
          },
          "runAfter": {
            "Switch": [
              "Succeeded"
            ]
          },
          "metadata": {
            "operationMetadataId": "81c94f73-dd52-465c-ad3b-a4686da63cc3"
          }
        },
        "Switch": {
          "type": "Switch",
          "expression": "@triggerBody()?['text_1']",
          "default": {
            "actions": {}
          },
          "cases": {
            "Espinho": {
              "actions": {
                "Send_an_email_(V2)": {
                  "type": "OpenApiConnection",
                  "inputs": {
                    "parameters": {
                      "emailMessage/To": "@triggerBody()?['text']",
                      "emailMessage/Subject": "Horário de Funcionamento Power Gym Girls Espinho",
                      "emailMessage/Body": "<p>Horário Power Gym Girls de Espinho:<br><br>Segunda a sexta-feira:<br>Abertura: 06:00<br>Fecho: 22:00<br>Sábado e Domingo:<br>Abertura: 07:00<br>Fechamento: 20:00</p>",
                      "emailMessage/Importance": "Normal"
                    },
                    "host": {
                      "apiId": "/providers/Microsoft.PowerApps/apis/shared_office365",
                      "operationId": "SendEmailV2",
                      "connectionName": "shared_office365"
                    }
                  }
                }
              },
              "case": "Espinho"
            },
            "Setúbal": {
              "actions": {
                "Send_an_email_(V2)_1": {
                  "type": "OpenApiConnection",
                  "inputs": {
                    "parameters": {
                      "emailMessage/To": "@triggerBody()?['text']",
                      "emailMessage/Subject": "Horário de funcionamento Power Gym Girls Setúbal",
                      "emailMessage/Body": "<p>Horário Power Gym Girls de Setúbal:<br>Segunda a sexta-feira:<br>Abertura: 05:30<br>Fecho: 21:00<br>Sábado e Domingo:<br>Abertura: 06:00<br>Fechamento: 19:00</p>",
                      "emailMessage/Importance": "Normal"
                    },
                    "host": {
                      "apiId": "/providers/Microsoft.PowerApps/apis/shared_office365",
                      "operationId": "SendEmailV2",
                      "connectionName": "shared_office365"
                    }
                  }
                }
              },
              "case": "Setúbal"
            },
            "Matosinhos": {
              "actions": {
                "Send_an_email_(V2)_1_copy": {
                  "type": "OpenApiConnection",
                  "inputs": {
                    "parameters": {
                      "emailMessage/To": "@triggerBody()?['text']",
                      "emailMessage/Subject": "Horário de funcionamento Power Gym Girls Matosinhos",
                      "emailMessage/Body": "<p>Horário Power Gym Girls de Matosinhos:<br>Segunda a sexta-feira:<br>Abertura: 07:00<br>Fecho: 20:30<br>Sábado e Domingo:<br>Abertura: 08:00<br>Fechamento: 18:00</p><br>",
                      "emailMessage/Importance": "Normal"
                    },
                    "host": {
                      "apiId": "/providers/Microsoft.PowerApps/apis/shared_office365",
                      "operationId": "SendEmailV2",
                      "connectionName": "shared_office365"
                    }
                  }
                }
              },
              "case": "Matosinhos"
            },
            "Gondomar": {
              "actions": {
                "Send_an_email_(V2)_1_copy_copy": {
                  "type": "OpenApiConnection",
                  "inputs": {
                    "parameters": {
                      "emailMessage/To": "@triggerBody()?['text']",
                      "emailMessage/Subject": "Horário de funcionamento Power Gym Girls Gondomar",
                      "emailMessage/Body": "<p>Horário Power Gym Girls de Gondomar:<br>Segunda a sexta-feira:<br>Abertura: 09:00<br>Fecho: 23:00<br>Sábado e Domingo:<br>Abertura: 09:30<br>Fechamento: 21:00</p><br>",
                      "emailMessage/Importance": "Normal"
                    },
                    "host": {
                      "apiId": "/providers/Microsoft.PowerApps/apis/shared_office365",
                      "operationId": "SendEmailV2",
                      "connectionName": "shared_office365"
                    }
                  }
                }
              },
              "case": "Gondomar"
            }
          },
          "runAfter": {}
        }
      },
      "outputs": {}
    },
    "templateName": null
  },
  "schemaVersion": "1.0.0.0"
}