<powerpagecomponent powerpagecomponentid="74044d61-49fa-4502-9327-06c24f8e919e">
  <content>{"enablerating":false,"enabletracking":false,"excludefromsearch":true,"feedbackpolicy":756150000,"hiddenfromsitemap":true,"isroot":true,"pagetemplateid":"9a71a718-a20c-4053-a1c2-9126d65da791","parentpageid":"bac431e8-72b1-45c8-b25a-d65dc26691d2","partialurl":"access-denied","publishingstateid":"15f46558-d901-417e-9f65-d964eabe81d3","sharedpageconfiguration":false}</content>
  <iscustomizable>1</iscustomizable>
  <name>Access Denied</name>
  <powerpagecomponenttype>2</powerpagecomponenttype>
  <powerpagesiteid>
    <powerpagesiteid>fcc93e5b-6ee4-49ba-b5e2-7c0240ecd9fb</powerpagesiteid>
  </powerpagesiteid>
  <searchcontent>Access Denied</searchcontent>
  <statecode>0</statecode>
  <statuscode>1</statuscode>
</powerpagecomponent>