<powerpagecomponent powerpagecomponentid="23fafafd-8900-4451-877a-d6f29a41d38f">
  <content>{"createdOn":"2024-04-24T13:17:17.138Z","parentpageid":"bac431e8-72b1-45c8-b25a-d65dc26691d2","publishingstateid":"15f46558-d901-417e-9f65-d964eabe81d3","partialurl":"stageslesmillsicclass600x400.jpg","title":"","summary":"","enabletracking":false,"excludefromsearch":false,"hiddenfromsitemap":false}</content>
  <filecontent mimetype="image/jpeg">stages_lesmills_ic_class_600x400.jpg</filecontent>
  <iscustomizable>1</iscustomizable>
  <name>stages_lesmills_ic_class_600x400.jpg</name>
  <powerpagecomponenttype>3</powerpagecomponenttype>
  <powerpagesiteid>
    <powerpagesiteid>fcc93e5b-6ee4-49ba-b5e2-7c0240ecd9fb</powerpagesiteid>
  </powerpagesiteid>
  <statecode>0</statecode>
  <statuscode>1</statuscode>
</powerpagecomponent>