<powerpagecomponent powerpagecomponentid="701346c0-2669-5854-d0a3-90b77933a453">
  <content>{
  "displayorder": 7,
  "parentweblinkid": "d60242a5-bbba-96ef-43a8-82d767145ead",
  "weblinksetid": "ece6526c-7323-4a17-b6d1-b3d2c02a0694",
  "pageid": "6075aded-0a1a-c107-513b-ae1061fcf306",
  "publishingstateid": "15f46558-d901-417e-9f65-d964eabe81d3",
  "displaypagevalidation": false,
  "displayimageonly": false,
  "displaypagechildlinks": false,
  "openinnewwindow": false,
  "robotsfollowlink": true
}</content>
  <iscustomizable>1</iscustomizable>
  <name>Bodybuilding</name>
  <powerpagecomponenttype>5</powerpagecomponenttype>
  <powerpagesiteid>
    <powerpagesiteid>fcc93e5b-6ee4-49ba-b5e2-7c0240ecd9fb</powerpagesiteid>
  </powerpagesiteid>
  <statecode>0</statecode>
  <statuscode>1</statuscode>
</powerpagecomponent>