<powerpagecomponent powerpagecomponentid="0993e745-ff30-bb00-098c-6bcb7e4b369b">
  <content>{
  "displayorder": 8,
  "customcss": "",
  "customjavascript": "",
  "pagetemplateid": "9a71a718-a20c-4053-a1c2-9126d65da791",
  "parentpageid": "39c80152-a8ac-c0bb-d0c7-a9aec59f6297",
  "partialurl": "Cycling",
  "isroot": true,
  "title": "Cycling",
  "summary": "&lt;p&gt;This is a sample landing page designed to be a starting point for your website&lt;/p&gt;",
  "copy": "",
  "publishingstateid": "15f46558-d901-417e-9f65-d964eabe81d3",
  "enablerating": false,
  "enabletracking": false,
  "excludefromsearch": false,
  "hiddenfromsitemap": true,
  "sharedpageconfiguration": false
}</content>
  <iscustomizable>1</iscustomizable>
  <name>Cycling</name>
  <powerpagecomponenttype>2</powerpagecomponenttype>
  <powerpagesiteid>
    <powerpagesiteid>fcc93e5b-6ee4-49ba-b5e2-7c0240ecd9fb</powerpagesiteid>
  </powerpagesiteid>
  <searchcontent>CyclingCycling</searchcontent>
  <statecode>0</statecode>
  <statuscode>1</statuscode>
</powerpagecomponent>