<powerpagecomponent powerpagecomponentid="848333d7-9c3c-423b-aed0-22cc92c04857">
  <content>{"createdOn":"2024-04-24T12:38:32.412Z","parentpageid":"bac431e8-72b1-45c8-b25a-d65dc26691d2","publishingstateid":"15f46558-d901-417e-9f65-d964eabe81d3","partialurl":"Smiling-woman-doing-yoga.jpg","title":"","summary":"","enabletracking":false,"excludefromsearch":false,"hiddenfromsitemap":false}</content>
  <filecontent mimetype="image/jpeg">Smiling-woman-doing-yoga.jpg</filecontent>
  <iscustomizable>1</iscustomizable>
  <name>Smiling-woman-doing-yoga.jpg</name>
  <powerpagecomponenttype>3</powerpagecomponenttype>
  <powerpagesiteid>
    <powerpagesiteid>fcc93e5b-6ee4-49ba-b5e2-7c0240ecd9fb</powerpagesiteid>
  </powerpagesiteid>
  <statecode>0</statecode>
  <statuscode>1</statuscode>
</powerpagecomponent>