<powerpagecomponent powerpagecomponentid="8047421b-2733-48d0-8bca-d586df1580e6">
  <content>{"contentdisposition":756150000,"displayorder":3,"enabletracking":false,"excludefromsearch":false,"hiddenfromsitemap":true,"parentpageid":"bac431e8-72b1-45c8-b25a-d65dc26691d2","partialurl":"template.css","publishingstateid":"15f46558-d901-417e-9f65-d964eabe81d3"}</content>
  <filecontent mimetype="application/octet-stream">template.css</filecontent>
  <iscustomizable>1</iscustomizable>
  <name>template.css</name>
  <powerpagecomponenttype>3</powerpagecomponenttype>
  <powerpagesiteid>
    <powerpagesiteid>fcc93e5b-6ee4-49ba-b5e2-7c0240ecd9fb</powerpagesiteid>
  </powerpagesiteid>
  <statecode>0</statecode>
  <statuscode>1</statuscode>
</powerpagecomponent>