<powerpagecomponent powerpagecomponentid="dc8a6db3-1672-4be8-8936-cfc23ff2e36f">
  <content>{"createdOn":"2024-04-24T13:51:22.429Z","parentpageid":"bac431e8-72b1-45c8-b25a-d65dc26691d2","publishingstateid":"15f46558-d901-417e-9f65-d964eabe81d3","partialurl":"female-calisthenics-youtubers-scaled.jpg","title":"","summary":"","enabletracking":false,"excludefromsearch":false,"hiddenfromsitemap":false}</content>
  <filecontent mimetype="image/jpeg">female-calisthenics-youtubers-scaled.jpg</filecontent>
  <iscustomizable>1</iscustomizable>
  <name>female-calisthenics-youtubers-scaled.jpg</name>
  <powerpagecomponenttype>3</powerpagecomponenttype>
  <powerpagesiteid>
    <powerpagesiteid>fcc93e5b-6ee4-49ba-b5e2-7c0240ecd9fb</powerpagesiteid>
  </powerpagesiteid>
  <statecode>0</statecode>
  <statuscode>1</statuscode>
</powerpagecomponent>