<powerpagecomponent powerpagecomponentid="add32fa2-4071-4a18-aa0c-c7c50abcbc2f">
  <content>{"createdOn":"2024-04-24T09:53:04.725Z","parentpageid":"bac431e8-72b1-45c8-b25a-d65dc26691d2","publishingstateid":"15f46558-d901-417e-9f65-d964eabe81d3","partialurl":"Person-squatting-with-a-kettlebell.jpg","title":"","summary":"","enabletracking":false,"excludefromsearch":false,"hiddenfromsitemap":false}</content>
  <filecontent mimetype="image/jpeg">Person-squatting-with-a-kettlebell.jpg</filecontent>
  <iscustomizable>1</iscustomizable>
  <name>Person-squatting-with-a-kettlebell.jpg</name>
  <powerpagecomponenttype>3</powerpagecomponenttype>
  <powerpagesiteid>
    <powerpagesiteid>fcc93e5b-6ee4-49ba-b5e2-7c0240ecd9fb</powerpagesiteid>
  </powerpagesiteid>
  <statecode>0</statecode>
  <statuscode>1</statuscode>
</powerpagecomponent>