<powerpagecomponent powerpagecomponentid="42043ce0-c71d-441a-b5d6-9cab1b35c5cf">
  <content>{"source":"&lt;ul class=\"dropdown-menu\" role=\"menu\"&gt;\r\n  {% assign ordered_languages = page.languages | order_by: \"name\" %}\r\n  {% for language in ordered_languages %}\r\n    &lt;li role=\"menuitem\"&gt;\r\n      &lt;a class=\"dropdown-item\"  href=\"/{{ language.url_substitution }}\" title=\"{{ language.name }}\" data-code=\"{{ language.code }}\"&gt;{{ language.name }}&lt;/a&gt;\r\n    &lt;/li&gt;\r\n  {% endfor %}\r\n&lt;/ul&gt;"}</content>
  <iscustomizable>1</iscustomizable>
  <name>Languages Dropdown</name>
  <powerpagecomponenttype>8</powerpagecomponenttype>
  <powerpagesiteid>
    <powerpagesiteid>fcc93e5b-6ee4-49ba-b5e2-7c0240ecd9fb</powerpagesiteid>
  </powerpagesiteid>
  <statecode>0</statecode>
  <statuscode>1</statuscode>
</powerpagecomponent>