<powerpagecomponent powerpagecomponentid="1c7355ed-a064-9090-b4c5-616d98c55315">
  <content>{
  "filecontent": null,
  "displayorder": 5,
  "parentweblinkid": "d60242a5-bbba-96ef-43a8-82d767145ead",
  "weblinksetid": "ece6526c-7323-4a17-b6d1-b3d2c02a0694",
  "pageid": "0284c5de-3e1e-017e-f7f6-94c870ae725e",
  "publishingstateid": "15f46558-d901-417e-9f65-d964eabe81d3",
  "displaypagevalidation": false,
  "displayimageonly": false,
  "displaypagechildlinks": false,
  "openinnewwindow": false,
  "robotsfollowlink": true
}</content>
  <iscustomizable>1</iscustomizable>
  <name>Body Building-deleted</name>
  <powerpagecomponenttype>5</powerpagecomponenttype>
  <powerpagesiteid>
    <powerpagesiteid>fcc93e5b-6ee4-49ba-b5e2-7c0240ecd9fb</powerpagesiteid>
  </powerpagesiteid>
  <statecode>1</statecode>
  <statuscode>2</statuscode>
</powerpagecomponent>