<powerpagecomponent powerpagecomponentid="d4031bb2-e29c-41a6-8093-859e58fa49d4">
  <content>{"status":"enable","selectedThemeId":"3e4815d4-03da-4fb4-9714-a4fe61caaba6","siteSettingId":"d4031bb2-e29c-41a6-8093-859e58fa49d4","version":"V2"}</content>
  <iscustomizable>1</iscustomizable>
  <name>ThemeFeature</name>
  <powerpagecomponenttype>9</powerpagecomponenttype>
  <powerpagesiteid>
    <powerpagesiteid>fcc93e5b-6ee4-49ba-b5e2-7c0240ecd9fb</powerpagesiteid>
  </powerpagesiteid>
  <statecode>0</statecode>
  <statuscode>1</statuscode>
</powerpagecomponent>