<powerpagecomponent powerpagecomponentid="a359fe52-5723-423b-bebe-a43d3f1c2b93">
  <content>{
  "powerpagesitelanguageid": "eb436cd2-d288-436c-b151-ab5cd4382336",
  "filecontent": null,
  "display_name": "Footer",
  "type": 756150001,
  "value": "&lt;img src=\"/Screenshot 2024-02-26 091424.png\" id=\"ic5ygi\" alt=\"Screenshot 2024-02-26 091424\" name=\"Screenshot 2024-02-26 091424.png\" style=\"width: 18%; height: 43px; position: static;\" /&gt;\n&lt;script id=\"iecdbb\"&gt;\n  document.getElementById('year').innerHTML = new Date().getFullYear();\n&lt;/script&gt;\n"
}</content>
  <iscustomizable>1</iscustomizable>
  <name>Footer</name>
  <powerpagecomponenttype>7</powerpagecomponenttype>
  <powerpagesiteid>
    <powerpagesiteid>fcc93e5b-6ee4-49ba-b5e2-7c0240ecd9fb</powerpagesiteid>
  </powerpagesiteid>
  <powerpagesitelanguageid>
    <powerpagesitelanguageid>eb436cd2-d288-436c-b151-ab5cd4382336</powerpagesitelanguageid>
  </powerpagesitelanguageid>
  <statecode>0</statecode>
  <statuscode>1</statuscode>
</powerpagecomponent>