<powerpagecomponent powerpagecomponentid="39f5c982-dbcc-4dd6-a33a-8acb548c9d72">
  <content>{"createdOn":"2024-04-24T13:18:36.091Z","parentpageid":"bac431e8-72b1-45c8-b25a-d65dc26691d2","publishingstateid":"15f46558-d901-417e-9f65-d964eabe81d3","partialurl":"img-certification-spinninginstructorc2x.jpg","title":"","summary":"","enabletracking":false,"excludefromsearch":false,"hiddenfromsitemap":false}</content>
  <filecontent mimetype="image/jpeg">img-certification-spinninginstructor_c%402x.jpg</filecontent>
  <iscustomizable>1</iscustomizable>
  <name>img-certification-spinninginstructor_c@2x.jpg</name>
  <powerpagecomponenttype>3</powerpagecomponenttype>
  <powerpagesiteid>
    <powerpagesiteid>fcc93e5b-6ee4-49ba-b5e2-7c0240ecd9fb</powerpagesiteid>
  </powerpagesiteid>
  <statecode>0</statecode>
  <statuscode>1</statuscode>
</powerpagecomponent>