<powerpagecomponent powerpagecomponentid="ab30c5f6-ab8f-4961-bd16-863621977aae">
  <content>{"createdOn":"2024-04-24T08:27:32.326Z","parentpageid":"bac431e8-72b1-45c8-b25a-d65dc26691d2","publishingstateid":"15f46558-d901-417e-9f65-d964eabe81d3","partialurl":"thumbnail.css","title":"","summary":"","enabletracking":false,"excludefromsearch":false,"hiddenfromsitemap":false,"displayorder":-1}</content>
  <filecontent mimetype="text/css">thumbnail.css</filecontent>
  <iscustomizable>1</iscustomizable>
  <name>thumbnail.css</name>
  <powerpagecomponenttype>3</powerpagecomponenttype>
  <powerpagesiteid>
    <powerpagesiteid>fcc93e5b-6ee4-49ba-b5e2-7c0240ecd9fb</powerpagesiteid>
  </powerpagesiteid>
  <statecode>0</statecode>
  <statuscode>1</statuscode>
</powerpagecomponent>