<powerpagecomponent powerpagecomponentid="9e426dd1-f3ff-7b8f-33b1-e47e3737fe5c">
  <content>{"modifiedon":"2024-04-24T08:36:13Z","summary":"TEAL_DESCRIPTION","publishingstateid":"15f46558-d901-417e-9f65-d964eabe81d3","partialurl":"TEAL-1.scss","parentpageid":"bac431e8-72b1-45c8-b25a-d65dc26691d2"}</content>
  <filecontent mimetype="application/octet-stream">TEAL%20(1)</filecontent>
  <iscustomizable>1</iscustomizable>
  <name>TEAL (1)</name>
  <powerpagecomponenttype>3</powerpagecomponenttype>
  <powerpagesiteid>
    <powerpagesiteid>fcc93e5b-6ee4-49ba-b5e2-7c0240ecd9fb</powerpagesiteid>
  </powerpagesiteid>
  <statecode>0</statecode>
  <statuscode>1</statuscode>
</powerpagecomponent>