<powerpagecomponent powerpagecomponentid="1dae2eb2-ebff-9d26-7818-31fe1be830fd">
  <content>{
  "displayorder": 4,
  "parentweblinkid": "d60242a5-bbba-96ef-43a8-82d767145ead",
  "weblinksetid": "ece6526c-7323-4a17-b6d1-b3d2c02a0694",
  "pageid": "164f5fa2-487f-5cda-4a56-7910843b4ac2",
  "publishingstateid": "15f46558-d901-417e-9f65-d964eabe81d3",
  "displaypagevalidation": false,
  "displayimageonly": false,
  "displaypagechildlinks": false,
  "openinnewwindow": false,
  "robotsfollowlink": true
}</content>
  <iscustomizable>1</iscustomizable>
  <name>Body Building-deleted</name>
  <powerpagecomponenttype>5</powerpagecomponenttype>
  <powerpagesiteid>
    <powerpagesiteid>fcc93e5b-6ee4-49ba-b5e2-7c0240ecd9fb</powerpagesiteid>
  </powerpagesiteid>
  <statecode>1</statecode>
  <statuscode>2</statuscode>
</powerpagecomponent>