<powerpagesites>
  <powerpagesite powerpagesiteid="fcc93e5b-6ee4-49ba-b5e2-7c0240ecd9fb">
    <content>{"defaultlanguage":"eb436cd2-d288-436c-b151-ab5cd4382336","footerwebtemplateid":"fdeff9a8-82d6-40a9-905b-0440271c269f","headerwebtemplateid":"88782ca6-148e-4600-b2f7-d06fe6171a61","statecode":0,"statuscode":1,"website_language":1033}</content>
    <datamodelversion>2.0</datamodelversion>
    <iscustomizable>1</iscustomizable>
    <name>Power Gym Girls - PowerGymGirls</name>
    <primarydomainname>PowerGymGirls.powerappsportals.com</primarydomainname>
    <statecode>0</statecode>
    <statuscode>1</statuscode>
  </powerpagesite>
</powerpagesites>