<powerpagesitelanguages>
  <powerpagesitelanguage powerpagesitelanguageid="eb436cd2-d288-436c-b151-ab5cd4382336">
    <content>{"publishingstate":"15f46558-d901-417e-9f65-d964eabe81d3","systemlanguage":1033}</content>
    <displayname>English</displayname>
    <iscustomizable>1</iscustomizable>
    <languagecode>en-US</languagecode>
    <lcid>1033</lcid>
    <name>English</name>
    <powerpagesiteid>
      <powerpagesiteid>fcc93e5b-6ee4-49ba-b5e2-7c0240ecd9fb</powerpagesiteid>
    </powerpagesiteid>
    <statecode>0</statecode>
    <statuscode>1</statuscode>
  </powerpagesitelanguage>
</powerpagesitelanguages>