<botcomponent_workflowset>
  <botcomponent_workflow botcomponentid.schemaname="crd15_assistenteDeGinasio.topic.Encomendar_Comprar" workflowid.workflowid="0e5bce36-7b01-ef11-9f89-00224889b453">
    <iscustomizable>1</iscustomizable>
  </botcomponent_workflow>
  <botcomponent_workflow botcomponentid.schemaname="crd15_assistenteDeGinasio.topic.Encomendar_Comprar" workflowid.workflowid="27511bd6-6d01-ef11-9f89-00224889b453">
    <iscustomizable>1</iscustomizable>
  </botcomponent_workflow>
  <botcomponent_workflow botcomponentid.schemaname="crd15_assistenteDeGinasio.topic.Encomendar_Comprar" workflowid.workflowid="65918442-5401-ef11-9f89-00224889b453">
    <iscustomizable>1</iscustomizable>
  </botcomponent_workflow>
  <botcomponent_workflow botcomponentid.schemaname="crd15_assistenteDeGinasio.topic.Encomendar_Comprar" workflowid.workflowid="dcd3fb92-7101-ef11-9f89-00224889b453">
    <iscustomizable>1</iscustomizable>
  </botcomponent_workflow>
  <botcomponent_workflow botcomponentid.schemaname="crd15_assistenteDeGinasio.topic.Untitled" workflowid.workflowid="0922c198-5ffe-ee11-a1ff-000d3a466029">
    <iscustomizable>1</iscustomizable>
  </botcomponent_workflow>
  <botcomponent_workflow botcomponentid.schemaname="crd15_assistenteDeGinasio.topic.Untitled" workflowid.workflowid="b99fd048-8400-ef11-9f89-00224889b453">
    <iscustomizable>1</iscustomizable>
  </botcomponent_workflow>
</botcomponent_workflowset>