<powerpagecomponent powerpagecomponentid="82d97cd2-ec52-432f-a165-12eef36a7dd3">
  <content>{"modifiedon":"2024-04-24T08:24:57Z","contentdisposition":756150000,"displayorder":10,"enabletracking":false,"excludefromsearch":true,"hiddenfromsitemap":false,"parentpageid":"bac431e8-72b1-45c8-b25a-d65dc26691d2","partialurl":"portalbasictheme.css","publishingstateid":"15f46558-d901-417e-9f65-d964eabe81d3"}</content>
  <filecontent mimetype="text/css">portalbasictheme.css</filecontent>
  <iscustomizable>1</iscustomizable>
  <name>portalbasictheme.css</name>
  <powerpagecomponenttype>3</powerpagecomponenttype>
  <powerpagesiteid>
    <powerpagesiteid>fcc93e5b-6ee4-49ba-b5e2-7c0240ecd9fb</powerpagesiteid>
  </powerpagesiteid>
  <statecode>0</statecode>
  <statuscode>1</statuscode>
</powerpagecomponent>