<powerpagecomponent powerpagecomponentid="8a04ec37-de2d-4015-a540-43b1c7ecd3ad">
  <content>{"source":"{% assign title = title | default: page.title %}\r\n\r\n&lt;ul class='breadcrumb'&gt;\r\n  {% for crumb in page.breadcrumbs -%}\r\n    &lt;li class=\"breadcrumb-item\"&gt;\r\n      &lt;a href='{{ crumb.url | h }}' title='{{ crumb.title | h }}'&gt;{{ crumb.title | truncate: 24 | h }}&lt;/a&gt;\r\n    &lt;/li&gt;\r\n  {% endfor -%}\r\n  &lt;li class=' breadcrumb-item active'&gt;\r\n    {% block activebreadcrumb -%}\r\n    {{- title | h -}}\r\n    {%- endblock %}\r\n  &lt;/li&gt;\r\n&lt;/ul&gt;\r\n"}</content>
  <iscustomizable>1</iscustomizable>
  <name>Breadcrumbs</name>
  <powerpagecomponenttype>8</powerpagecomponenttype>
  <powerpagesiteid>
    <powerpagesiteid>fcc93e5b-6ee4-49ba-b5e2-7c0240ecd9fb</powerpagesiteid>
  </powerpagesiteid>
  <statecode>0</statecode>
  <statuscode>1</statuscode>
</powerpagecomponent>