<powerpagecomponent powerpagecomponentid="08aa19dd-73a8-4a41-b695-12d3bc5bb3a2">
  <content>{"createdOn":"2024-04-24T08:31:34.135Z","parentpageid":"bac431e8-72b1-45c8-b25a-d65dc26691d2","publishingstateid":"15f46558-d901-417e-9f65-d964eabe81d3","partialurl":"PGGlogorender.png","title":"","summary":"","enabletracking":false,"excludefromsearch":false,"hiddenfromsitemap":false}</content>
  <filecontent mimetype="image/png">PGG_logo_render.png</filecontent>
  <iscustomizable>1</iscustomizable>
  <name>PGG_logo_render.png</name>
  <powerpagecomponenttype>3</powerpagecomponenttype>
  <powerpagesiteid>
    <powerpagesiteid>fcc93e5b-6ee4-49ba-b5e2-7c0240ecd9fb</powerpagesiteid>
  </powerpagesiteid>
  <statecode>0</statecode>
  <statuscode>1</statuscode>
</powerpagecomponent>