{
  "properties": {
    "connectionReferences": {
      "shared_commondataserviceforapps": {
        "runtimeSource": "embedded",
        "connection": {
          "connectionReferenceLogicalName": "new_sharedcommondataserviceforapps_52ba3"
        },
        "api": {
          "name": "shared_commondataserviceforapps"
        }
      },
      "shared_office365": {
        "runtimeSource": "embedded",
        "connection": {
          "connectionReferenceLogicalName": "new_sharedoffice365_35788"
        },
        "api": {
          "name": "shared_office365"
        }
      },
      "shared_onedriveforbusiness": {
        "runtimeSource": "embedded",
        "connection": {
          "connectionReferenceLogicalName": "new_sharedonedriveforbusiness_bd845"
        },
        "api": {
          "name": "shared_onedriveforbusiness"
        }
      }
    },
    "definition": {
      "$schema": "https://schema.management.azure.com/providers/Microsoft.Logic/schemas/2016-06-01/workflowdefinition.json#",
      "contentVersion": "undefined",
      "parameters": {
        "$connections": {
          "defaultValue": {},
          "type": "Object"
        },
        "$authentication": {
          "defaultValue": {},
          "type": "SecureObject"
        }
      },
      "triggers": {
        "Recurrence": {
          "recurrence": {
            "frequency": "Day",
            "interval": 1,
            "timeZone": "GMT Standard Time",
            "startTime": "2024-04-05T09:00:00Z",
            "schedule": {
              "hours": [
                "16"
              ],
              "minutes": [
                0
              ]
            }
          },
          "metadata": {
            "operationMetadataId": "bcb07490-ffb0-4ff3-9ba5-82659a024b72"
          },
          "type": "Recurrence"
        }
      },
      "actions": {
        "List_rows": {
          "runAfter": {
            "Initialize_variable": [
              "Succeeded"
            ]
          },
          "metadata": {
            "operationMetadataId": "6970ba36-6b41-40aa-aed4-1a2dc5ce8083"
          },
          "type": "OpenApiConnection",
          "inputs": {
            "host": {
              "connectionName": "shared_commondataserviceforapps",
              "operationId": "ListRecords",
              "apiId": "/providers/Microsoft.PowerApps/apis/shared_commondataserviceforapps"
            },
            "parameters": {
              "entityName": "crfed_cadastros",
              "$filter": "createdon ge '@{addHours(utcNow(), -24)}'"
            },
            "authentication": "@parameters('$authentication')"
          }
        },
        "Condition": {
          "actions": {
            "ComposeStyle": {
              "runAfter": {},
              "metadata": {
                "operationMetadataId": "9dbfa117-fec8-4acc-8796-3afa5a8e9cae"
              },
              "type": "Compose",
              "inputs": "<style>\n    table {\n        border-collapse: collapse;\n    }\n    table td,\n    table th {\n        border: 1px solid #ddd;\n        padding: 6px 10px;\n        text-align: left;\n    }\n    table th {\n        background-color: #ED73C0;\n        color: white;\n    }\n</style>"
            },
            "Create_HTML_table": {
              "runAfter": {
                "ComposeStyle": [
                  "Succeeded"
                ]
              },
              "metadata": {
                "operationMetadataId": "28bf4fa7-ff26-4a60-af17-73abac598c4d"
              },
              "type": "Table",
              "inputs": {
                "from": "@outputs('List_rows')?['body/value']",
                "format": "HTML",
                "columns": [
                  {
                    "header": "Full Name",
                    "value": "@item()?['crfed_fullname']"
                  },
                  {
                    "header": "Email",
                    "value": "@item()?['crfed_email']"
                  },
                  {
                    "header": "City",
                    "value": "@item()?['crfed_city']"
                  },
                  {
                    "header": "Job Title",
                    "value": "@item()?['crfed_jobtitle']"
                  },
                  {
                    "header": "Mobile Phone",
                    "value": "@item()?['crfed_mobilephone']"
                  },
                  {
                    "header": "Age",
                    "value": "@item()?['new_idade']"
                  }
                ]
              }
            },
            "Send_an_email_(V2)_1": {
              "runAfter": {
                "Create_HTML_table": [
                  "Succeeded"
                ]
              },
              "metadata": {
                "operationMetadataId": "09bfa2a4-dac9-4f1f-a348-53142744dd43"
              },
              "type": "OpenApiConnection",
              "inputs": {
                "host": {
                  "connectionName": "shared_office365",
                  "operationId": "SendEmailV2",
                  "apiId": "/providers/Microsoft.PowerApps/apis/shared_office365"
                },
                "parameters": {
                  "emailMessage/To": "iefp231@alunos.ipca.pt",
                  "emailMessage/Subject": "Daily Report - New Gym Registrations ",
                  "emailMessage/Body": "<p>Hello Manager Sofia,<br><br>Here is the daily report of new gym registrations:</p><br><p>@{outputs('ComposeStyle')}@{body('Create_HTML_table')}</p><br><p>Power Gym Girls</p><br><p>@{variables('logo')}</p>",
                  "emailMessage/Importance": "Normal"
                },
                "authentication": "@parameters('$authentication')"
              }
            }
          },
          "runAfter": {
            "List_rows": [
              "Succeeded"
            ]
          },
          "else": {
            "actions": {
              "Send_an_email_(V2)": {
                "runAfter": {},
                "metadata": {
                  "operationMetadataId": "1a473822-2bd5-46c8-bd4e-6ee764f4100c"
                },
                "type": "OpenApiConnection",
                "inputs": {
                  "host": {
                    "connectionName": "shared_office365",
                    "operationId": "SendEmailV2",
                    "apiId": "/providers/Microsoft.PowerApps/apis/shared_office365"
                  },
                  "parameters": {
                    "emailMessage/To": "iefp231@alunos.ipca.pt",
                    "emailMessage/Subject": "Daily Report - New Gym Registrations ",
                    "emailMessage/Body": "<p>Hello Manager Sofia,</p><br><p>Today there were no new registrations.</p><br><p>Power Gym Girls</p><br><p>@{variables('logo')}</p>",
                    "emailMessage/Importance": "Normal"
                  },
                  "authentication": "@parameters('$authentication')"
                }
              }
            }
          },
          "expression": {
            "and": [
              {
                "greater": [
                  "@length(outputs('List_rows')?['body/value'])",
                  0
                ]
              }
            ]
          },
          "metadata": {
            "operationMetadataId": "9ad860b8-f41f-4af4-8688-69c434ebd3ca"
          },
          "type": "If"
        },
        "Get_file_content": {
          "runAfter": {},
          "metadata": {
            "b!Sdriw3Duk06480FFevboojOL3aq50glKlmkqsKKdBXUfKPlgoZvHQb73OIcUOi4q.01NZWX2SVFYKFYXBXAY5GIRNCMPFDSORUY": "/logoPGG.png",
            "operationMetadataId": "247acbc3-e2ee-4206-9330-659ff3ccfd7f"
          },
          "type": "OpenApiConnection",
          "inputs": {
            "host": {
              "connectionName": "shared_onedriveforbusiness",
              "operationId": "GetFileContent",
              "apiId": "/providers/Microsoft.PowerApps/apis/shared_onedriveforbusiness"
            },
            "parameters": {
              "id": "b!Sdriw3Duk06480FFevboojOL3aq50glKlmkqsKKdBXUfKPlgoZvHQb73OIcUOi4q.01NZWX2SVFYKFYXBXAY5GIRNCMPFDSORUY",
              "inferContentType": true
            },
            "authentication": "@parameters('$authentication')"
          }
        },
        "Compose": {
          "runAfter": {
            "Get_file_content": [
              "Succeeded"
            ]
          },
          "metadata": {
            "operationMetadataId": "57c15f2e-931f-4da8-a773-af4ae5755770"
          },
          "type": "Compose",
          "inputs": "@dataUri(body('Get_file_content'))"
        },
        "Initialize_variable": {
          "runAfter": {
            "Compose": [
              "Succeeded"
            ]
          },
          "metadata": {
            "operationMetadataId": "5d6ca937-a4ca-4253-93cb-3e0851fe3afc"
          },
          "type": "InitializeVariable",
          "inputs": {
            "variables": [
              {
                "name": "logo",
                "type": "string",
                "value": "@{concat('<img src=\"',outputs('Compose'),'\" alt=\"\" width=\"150px\" />')}"
              }
            ]
          }
        }
      }
    },
    "templateName": ""
  },
  "schemaVersion": "1.0.0.0"
}