{
  "properties": {
    "connectionReferences": {
      "shared_commondataserviceforapps": {
        "impersonation": {},
        "runtimeSource": "embedded",
        "connection": {
          "connectionReferenceLogicalName": "new_sharedcommondataserviceforapps_52ba3"
        },
        "api": {
          "name": "shared_commondataserviceforapps"
        }
      },
      "shared_approvals": {
        "runtimeSource": "embedded",
        "connection": {
          "connectionReferenceLogicalName": "new_sharedapprovals_1dc61"
        },
        "api": {
          "name": "shared_approvals"
        }
      }
    },
    "definition": {
      "$schema": "https://schema.management.azure.com/providers/Microsoft.Logic/schemas/2016-06-01/workflowdefinition.json#",
      "contentVersion": "1.0.0.0",
      "parameters": {
        "$authentication": {
          "defaultValue": {},
          "type": "SecureObject"
        },
        "$connections": {
          "defaultValue": {},
          "type": "Object"
        }
      },
      "triggers": {
        "When_a_row_is_added,_modified_or_deleted": {
          "type": "OpenApiConnectionWebhook",
          "inputs": {
            "parameters": {
              "subscriptionRequest/message": 1,
              "subscriptionRequest/entityname": "crfed_cadastro",
              "subscriptionRequest/scope": 4
            },
            "host": {
              "apiId": "/providers/Microsoft.PowerApps/apis/shared_commondataserviceforapps",
              "connectionName": "shared_commondataserviceforapps",
              "operationId": "SubscribeWebhookTrigger"
            },
            "authentication": "@parameters('$authentication')"
          }
        }
      },
      "actions": {
        "Start_and_wait_for_an_approval": {
          "runAfter": {},
          "type": "OpenApiConnectionWebhook",
          "inputs": {
            "parameters": {
              "approvalType": "BasicAwaitAll",
              "WebhookApprovalCreationInput/title": "Attempt at Gym Registration",
              "WebhookApprovalCreationInput/assignedTo": "@triggerBody()?['new_parentemail']",
              "WebhookApprovalCreationInput/details": "Your child is attempting enter a campaign from our gym, Power Gym Girls. Do you approve?",
              "WebhookApprovalCreationInput/enableNotifications": true,
              "WebhookApprovalCreationInput/enableReassignment": true
            },
            "host": {
              "apiId": "/providers/Microsoft.PowerApps/apis/shared_approvals",
              "connectionName": "shared_approvals",
              "operationId": "StartAndWaitForAnApproval"
            },
            "authentication": "@parameters('$authentication')"
          }
        },
        "Condition": {
          "actions": {},
          "runAfter": {
            "Start_and_wait_for_an_approval": [
              "Succeeded"
            ]
          },
          "else": {
            "actions": {
              "Delete_a_row": {
                "type": "OpenApiConnection",
                "inputs": {
                  "parameters": {
                    "entityName": "crfed_cadastros",
                    "recordId": "@triggerBody()?['crfed_cadastroid']"
                  },
                  "host": {
                    "apiId": "/providers/Microsoft.PowerApps/apis/shared_commondataserviceforapps",
                    "connectionName": "shared_commondataserviceforapps",
                    "operationId": "DeleteRecord"
                  },
                  "authentication": "@parameters('$authentication')"
                }
              }
            }
          },
          "expression": {
            "and": [
              {
                "startsWith": [
                  "@body('Start_and_wait_for_an_approval')?['outcome']",
                  "A"
                ]
              }
            ]
          },
          "type": "If"
        }
      },
      "outputs": {}
    },
    "templateName": null
  },
  "schemaVersion": "1.0.0.0"
}