<powerpagecomponent powerpagecomponentid="e4d03709-458d-4621-9fad-d0c531c0c7a1">
  <content>{
  "filecontent": null,
  "disablepagevalidation": false,
  "displayimageonly": false,
  "displayorder": 6,
  "displaypagechildlinks": false,
  "openinnewwindow": false,
  "pageid": "8b3d762d-95b6-4b0f-ba4b-a91ea043d6e5",
  "parentweblinkid": null,
  "publishingstateid": "15f46558-d901-417e-9f65-d964eabe81d3",
  "robotsfollowlink": true,
  "weblinksetid": "ece6526c-7323-4a17-b6d1-b3d2c02a0694"
}</content>
  <iscustomizable>1</iscustomizable>
  <name>Customer Service</name>
  <powerpagecomponenttype>5</powerpagecomponenttype>
  <powerpagesiteid>
    <powerpagesiteid>fcc93e5b-6ee4-49ba-b5e2-7c0240ecd9fb</powerpagesiteid>
  </powerpagesiteid>
  <statecode>0</statecode>
  <statuscode>1</statuscode>
</powerpagecomponent>