<powerpagecomponent powerpagecomponentid="de8fd9aa-a4a0-4acf-9145-2876ee97a66e">
  <content>{"copy":"&lt;div class='row sectionBlockLayout' style='display: flex; flex-wrap: wrap; min-height: 50px; background: var(--portalThemeColor5);'&gt;&lt;/div&gt;\r\n&lt;div class='row sectionBlockLayout' style='display: flex; flex-wrap: wrap; min-height: 50px; background: var(--portalThemeColor6);'&gt;&lt;/div&gt;\r\n&lt;div class='row sectionBlockLayout' style='display: flex; flex-wrap: wrap; text-align: left; min-height: 374px;'&gt;\r\n  &lt;div class='container' style='padding: 0px; display: flex; flex-wrap: wrap;'&gt;\r\n    &lt;div class='col-lg-12 columnBlockLayout' style='flex-grow: 1; display: flex; flex-direction: column; min-width: 300px; padding: 16px;'&gt;\r\n      &lt;img src='/Cat-PC.png' alt='Cat' name='Cat-PC.png' style='width: 200px; height: 161px; margin-left: auto; margin-right: auto;'&gt;\r\n      &lt;h2 style='text-align: center; color: var(--portalThemeColor4);'&gt;Page not found&lt;/h2&gt;\r\n      &lt;p style='text-align: center; color: var(--portalThemeColor8);'&gt;Check the link and try again&lt;/p&gt;\r\n    &lt;/div&gt;\r\n  &lt;/div&gt;\r\n&lt;/div&gt;\r\n&lt;div class='row sectionBlockLayout' style='display: flex; flex-wrap: wrap; min-height: 315px; background: var(--portalThemeColor1);'&gt;&lt;/div&gt;\r\n","enablerating":false,"enabletracking":false,"excludefromsearch":true,"feedbackpolicy":756150000,"hiddenfromsitemap":true,"isroot":false,"pagetemplateid":"9a71a718-a20c-4053-a1c2-9126d65da791","parentpageid":"bac431e8-72b1-45c8-b25a-d65dc26691d2","partialurl":"page-not-found","publishingstateid":"15f46558-d901-417e-9f65-d964eabe81d3","rootwebpageid":"8bcc4b6a-8603-499b-b9de-7419edfc41de","sharedpageconfiguration":false}</content>
  <iscustomizable>1</iscustomizable>
  <name>Page Not Found</name>
  <powerpagecomponenttype>2</powerpagecomponenttype>
  <powerpagesiteid>
    <powerpagesiteid>fcc93e5b-6ee4-49ba-b5e2-7c0240ecd9fb</powerpagesiteid>
  </powerpagesiteid>
  <powerpagesitelanguageid>
    <powerpagesitelanguageid>eb436cd2-d288-436c-b151-ab5cd4382336</powerpagesitelanguageid>
  </powerpagesitelanguageid>
  <searchcontent>&lt;div class='row sectionBlockLayout' style='display: flex; flex-wrap: wrap; min-height: 50px; background: var(--portalThemeColor5);'&gt;&lt;/div&gt;
&lt;div class='row sectionBlockLayout' style='display: flex; flex-wrap: wrap; min-height: 50px; background: var(--portalThemeColor6);'&gt;&lt;/div&gt;
&lt;div class='row sectionBlockLayout' style='display: flex; flex-wrap: wrap; text-align: left; min-height: 374px;'&gt;
  &lt;div class='container' style='padding: 0px; display: flex; flex-wrap: wrap;'&gt;
    &lt;div class='col-lg-12 columnBlockLayout' style='flex-grow: 1; display: flex; flex-direction: column; min-width: 300px; padding: 16px;'&gt;
      &lt;img src='/Cat-PC.png' alt='Cat' name='Cat-PC.png' style='width: 200px; height: 161px; margin-left: auto; margin-right: auto;'&gt;
      &lt;h2 style='text-align: center; color: var(--portalThemeColor4);'&gt;Page not found&lt;/h2&gt;
      &lt;p style='text-align: center; color: var(--portalThemeColor8);'&gt;Check the link and try again&lt;/p&gt;
    &lt;/div&gt;
  &lt;/div&gt;
&lt;/div&gt;
&lt;div class='row sectionBlockLayout' style='display: flex; flex-wrap: wrap; min-height: 315px; background: var(--portalThemeColor1);'&gt;&lt;/div&gt;
Page Not Found</searchcontent>
  <statecode>0</statecode>
  <statuscode>1</statuscode>
</powerpagecomponent>