<powerpagecomponent powerpagecomponentid="6c48a35a-ffa1-41c4-9054-6ab48a055e1a">
  <content>{"display_name":"Search/No Results","type":756150000,"value":"No results found.\r\n"}</content>
  <iscustomizable>1</iscustomizable>
  <name>Search/NoResults</name>
  <powerpagecomponenttype>7</powerpagecomponenttype>
  <powerpagesiteid>
    <powerpagesiteid>fcc93e5b-6ee4-49ba-b5e2-7c0240ecd9fb</powerpagesiteid>
  </powerpagesiteid>
  <powerpagesitelanguageid>
    <powerpagesitelanguageid>eb436cd2-d288-436c-b151-ab5cd4382336</powerpagesitelanguageid>
  </powerpagesitelanguageid>
  <statecode>0</statecode>
  <statuscode>1</statuscode>
</powerpagecomponent>