<powerpagecomponent powerpagecomponentid="ca2b93e2-a4f6-bae5-4628-2574a4da73cc">
  <content>{
  "displayorder": 4,
  "customcss": "",
  "customjavascript": "",
  "pagetemplateid": "9a71a718-a20c-4053-a1c2-9126d65da791",
  "parentpageid": "39c80152-a8ac-c0bb-d0c7-a9aec59f6297",
  "partialurl": "Body-Building-deleted",
  "isroot": false,
  "rootwebpageid": "164f5fa2-487f-5cda-4a56-7910843b4ac2",
  "title": "Body Building",
  "summary": "&lt;p&gt;This is a sample landing page designed to be a starting point for your website&lt;/p&gt;",
  "copy": "&lt;div id=\"i53yps\" class=\"row sectionBlockLayout text-start\" style=\"display: flex; flex-wrap: wrap; margin: 0px; min-height: auto; padding: 8px;\"&gt;\n  &lt;div id=\"ihfnck\" class=\"container\" style=\"display: flex; flex-wrap: wrap;\"&gt;&lt;div id=\"im9vml\" class=\"col-lg-12 columnBlockLayout\" style=\"flex-grow: 1; display: flex; flex-direction: column; min-width: 250px; word-break: break-word; padding: 16px; margin: 60px 0px;\"&gt;&lt;/div&gt;&lt;/div&gt;\n&lt;/div&gt;\n",
  "publishingstateid": "15f46558-d901-417e-9f65-d964eabe81d3",
  "enablerating": false,
  "enabletracking": false,
  "excludefromsearch": false,
  "hiddenfromsitemap": true,
  "sharedpageconfiguration": false
}</content>
  <iscustomizable>1</iscustomizable>
  <name>Body Building-deleted</name>
  <powerpagecomponenttype>2</powerpagecomponenttype>
  <powerpagesiteid>
    <powerpagesiteid>fcc93e5b-6ee4-49ba-b5e2-7c0240ecd9fb</powerpagesiteid>
  </powerpagesiteid>
  <powerpagesitelanguageid>
    <powerpagesitelanguageid>eb436cd2-d288-436c-b151-ab5cd4382336</powerpagesitelanguageid>
  </powerpagesitelanguageid>
  <searchcontent>Body Building&lt;div id="i53yps" class="row sectionBlockLayout text-start" style="display: flex; flex-wrap: wrap; margin: 0px; min-height: auto; padding: 8px;"&gt;
  &lt;div id="ihfnck" class="container" style="display: flex; flex-wrap: wrap;"&gt;&lt;div id="im9vml" class="col-lg-12 columnBlockLayout" style="flex-grow: 1; display: flex; flex-direction: column; min-width: 250px; word-break: break-word; padding: 16px; margin: 60px 0px;"&gt;&lt;/div&gt;&lt;/div&gt;
&lt;/div&gt;
Body Building-deleted</searchcontent>
  <statecode>1</statecode>
  <statuscode>2</statuscode>
</powerpagecomponent>