<powerpagecomponent powerpagecomponentid="7a5e2028-46c0-4c5b-90a0-d238e6bc6196">
  <content>{"filecontent":null,"copy":"&lt;div id=\"i34w9v\" class=\"row sectionBlockLayout text-start\" style=\"display: flex; flex-wrap: wrap; margin: 0px; min-height: auto; padding: 8px;\"&gt;\n  &lt;div id=\"ifspoj\" class=\"container\" style=\"padding: 0px; display: flex; flex-wrap: wrap;\"&gt;\n    &lt;div id=\"isojfh\" class=\"col-lg-12 columnBlockLayout\" style=\"flex-grow: 1; display: flex; flex-direction: column; min-width: 250px; word-break: break-word;\"&gt;\n      &lt;h1 id=\"ii1ypg\" style=\"text-align: left; font-family: Oswald; color: var(--portalThemeColor1);\"&gt;Any questions regarding our gym? Interested in checking out our store?&amp;nbsp;&lt;br id=\"ifm8q\" /&gt;We introduce you Mojo Jojo, your personal assistant.&amp;nbsp;&amp;nbsp;&lt;/h1&gt;\n      &lt;button onclick=\"window.location.href='https://web.powerva.microsoft.com/environments/6beba52d-808d-e1bc-9b73-93230b540845/bots/crd15_assistenteDeGinasio/canvas?__version__=2/'\" type=\"button\" value=\"https://web.powerva.microsoft.com/environments/6beba52d-808d-e1bc-9b73-93230b540845/bots/crd15_assistenteDeGinasio/canvas?__version__=2\" id=\"iu6upj\" class=\"button2\" style=\"margin-left: auto; margin-right: auto; margin-top: 50px;\"&gt;Mojo Jojo&lt;/button&gt;\n    &lt;/div&gt;\n  &lt;/div&gt;\n&lt;/div&gt;\n","displayorder":2,"enablerating":false,"enabletracking":false,"excludefromsearch":false,"feedbackpolicy":756150000,"hiddenfromsitemap":false,"isroot":false,"pagetemplateid":"9a71a718-a20c-4053-a1c2-9126d65da791","parentpageid":"bac431e8-72b1-45c8-b25a-d65dc26691d2","partialurl":"Subpage-two","publishingstateid":"15f46558-d901-417e-9f65-d964eabe81d3","rootwebpageid":"8b3d762d-95b6-4b0f-ba4b-a91ea043d6e5","sharedpageconfiguration":true,"summary":"&lt;p&gt;This is a sample landing page designed to be a starting point for your website&lt;/p&gt;\r\n","title":"Subpage two","customcss":"@import url('https://content.powerapps.com/resource/powerappsportal/fonts/oswald/v49/400.css');\n"}</content>
  <iscustomizable>1</iscustomizable>
  <name>Customer Service</name>
  <powerpagecomponenttype>2</powerpagecomponenttype>
  <powerpagesiteid>
    <powerpagesiteid>fcc93e5b-6ee4-49ba-b5e2-7c0240ecd9fb</powerpagesiteid>
  </powerpagesiteid>
  <powerpagesitelanguageid>
    <powerpagesitelanguageid>eb436cd2-d288-436c-b151-ab5cd4382336</powerpagesitelanguageid>
  </powerpagesitelanguageid>
  <searchcontent>Subpage two&lt;div id="i34w9v" class="row sectionBlockLayout text-start" style="display: flex; flex-wrap: wrap; margin: 0px; min-height: auto; padding: 8px;"&gt;
  &lt;div id="ifspoj" class="container" style="padding: 0px; display: flex; flex-wrap: wrap;"&gt;
    &lt;div id="isojfh" class="col-lg-12 columnBlockLayout" style="flex-grow: 1; display: flex; flex-direction: column; min-width: 250px; word-break: break-word;"&gt;
      &lt;h1 id="ii1ypg" style="text-align: left; font-family: Oswald; color: var(--portalThemeColor1);"&gt;Any questions regarding our gym? Interested in checking out our store?&amp;nbsp;&lt;br id="ifm8q" /&gt;We introduce you Mojo Jojo, your personal assistant.&amp;nbsp;&amp;nbsp;&lt;/h1&gt;
      &lt;button onclick="window.location.href='https://web.powerva.microsoft.com/environments/6beba52d-808d-e1bc-9b73-93230b540845/bots/crd15_assistenteDeGinasio/canvas?__version__=2/'" type="button" value="https://web.powerva.microsoft.com/environments/6beba52d-808d-e1bc-9b73-93230b540845/bots/crd15_assistenteDeGinasio/canvas?__version__=2" id="iu6upj" class="button2" style="margin-left: auto; margin-right: auto; margin-top: 50px;"&gt;Mojo Jojo&lt;/button&gt;
    &lt;/div&gt;
  &lt;/div&gt;
&lt;/div&gt;
Customer Service</searchcontent>
  <statecode>0</statecode>
  <statuscode>1</statuscode>
</powerpagecomponent>