<powerpagecomponent powerpagecomponentid="7e817a5b-9e5f-4400-a263-c831e37dd266">
  <content>{"contentdisposition":756150000,"enabletracking":false,"excludefromsearch":false,"hiddenfromsitemap":false,"parentpageid":"bac431e8-72b1-45c8-b25a-d65dc26691d2","partialurl":"Bar graph.png","publishingstateid":"15f46558-d901-417e-9f65-d964eabe81d3"}</content>
  <filecontent mimetype="application/octet-stream">Bar graph.png</filecontent>
  <iscustomizable>1</iscustomizable>
  <name>Bar graph.png</name>
  <powerpagecomponenttype>3</powerpagecomponenttype>
  <powerpagesiteid>
    <powerpagesiteid>fcc93e5b-6ee4-49ba-b5e2-7c0240ecd9fb</powerpagesiteid>
  </powerpagesiteid>
  <statecode>0</statecode>
  <statuscode>1</statuscode>
</powerpagecomponent>