<ImportExportXml version="9.2.24033.212" SolutionPackageVersion="9.2" languagecode="1033" generatedBy="CrmLive" xmlns:xsi="http://www.w3.org/2001/XMLSchema-instance">
  <SolutionManifest>
    <UniqueName>PGG_Chatbot</UniqueName>
    <LocalizedNames>
      <LocalizedName description="PGG_Chatbot" languagecode="1033" />
    </LocalizedNames>
    <Descriptions />
    <Version>1.0.0.1</Version>
    <Managed>1</Managed>
    <Publisher>
      <UniqueName>Cr0ed77</UniqueName>
      <LocalizedNames>
        <LocalizedName description="CDS Default Publisher" languagecode="1033" />
      </LocalizedNames>
      <Descriptions />
      <EMailAddress xsi:nil="true"></EMailAddress>
      <SupportingWebsiteUrl xsi:nil="true"></SupportingWebsiteUrl>
      <CustomizationPrefix>crd15</CustomizationPrefix>
      <CustomizationOptionValuePrefix>89301</CustomizationOptionValuePrefix>
      <Addresses>
        <Address>
          <AddressNumber>1</AddressNumber>
          <AddressTypeCode xsi:nil="true"></AddressTypeCode>
          <City xsi:nil="true"></City>
          <County xsi:nil="true"></County>
          <Country xsi:nil="true"></Country>
          <Fax xsi:nil="true"></Fax>
          <FreightTermsCode xsi:nil="true"></FreightTermsCode>
          <ImportSequenceNumber xsi:nil="true"></ImportSequenceNumber>
          <Latitude xsi:nil="true"></Latitude>
          <Line1 xsi:nil="true"></Line1>
          <Line2 xsi:nil="true"></Line2>
          <Line3 xsi:nil="true"></Line3>
          <Longitude xsi:nil="true"></Longitude>
          <Name xsi:nil="true"></Name>
          <PostalCode xsi:nil="true"></PostalCode>
          <PostOfficeBox xsi:nil="true"></PostOfficeBox>
          <PrimaryContactName xsi:nil="true"></PrimaryContactName>
          <ShippingMethodCode xsi:nil="true"></ShippingMethodCode>
          <StateOrProvince xsi:nil="true"></StateOrProvince>
          <Telephone1 xsi:nil="true"></Telephone1>
          <Telephone2 xsi:nil="true"></Telephone2>
          <Telephone3 xsi:nil="true"></Telephone3>
          <TimeZoneRuleVersionNumber xsi:nil="true"></TimeZoneRuleVersionNumber>
          <UPSZone xsi:nil="true"></UPSZone>
          <UTCOffset xsi:nil="true"></UTCOffset>
          <UTCConversionTimeZoneCode xsi:nil="true"></UTCConversionTimeZoneCode>
        </Address>
        <Address>
          <AddressNumber>2</AddressNumber>
          <AddressTypeCode xsi:nil="true"></AddressTypeCode>
          <City xsi:nil="true"></City>
          <County xsi:nil="true"></County>
          <Country xsi:nil="true"></Country>
          <Fax xsi:nil="true"></Fax>
          <FreightTermsCode xsi:nil="true"></FreightTermsCode>
          <ImportSequenceNumber xsi:nil="true"></ImportSequenceNumber>
          <Latitude xsi:nil="true"></Latitude>
          <Line1 xsi:nil="true"></Line1>
          <Line2 xsi:nil="true"></Line2>
          <Line3 xsi:nil="true"></Line3>
          <Longitude xsi:nil="true"></Longitude>
          <Name xsi:nil="true"></Name>
          <PostalCode xsi:nil="true"></PostalCode>
          <PostOfficeBox xsi:nil="true"></PostOfficeBox>
          <PrimaryContactName xsi:nil="true"></PrimaryContactName>
          <ShippingMethodCode xsi:nil="true"></ShippingMethodCode>
          <StateOrProvince xsi:nil="true"></StateOrProvince>
          <Telephone1 xsi:nil="true"></Telephone1>
          <Telephone2 xsi:nil="true"></Telephone2>
          <Telephone3 xsi:nil="true"></Telephone3>
          <TimeZoneRuleVersionNumber xsi:nil="true"></TimeZoneRuleVersionNumber>
          <UPSZone xsi:nil="true"></UPSZone>
          <UTCOffset xsi:nil="true"></UTCOffset>
          <UTCConversionTimeZoneCode xsi:nil="true"></UTCConversionTimeZoneCode>
        </Address>
      </Addresses>
    </Publisher>
    <RootComponents>
      <RootComponent type="29" id="{0922c198-5ffe-ee11-a1ff-000d3a466029}" behavior="0" />
      <RootComponent type="29" id="{0e5bce36-7b01-ef11-9f89-00224889b453}" behavior="0" />
      <RootComponent type="29" id="{27511bd6-6d01-ef11-9f89-00224889b453}" behavior="0" />
      <RootComponent type="29" id="{65918442-5401-ef11-9f89-00224889b453}" behavior="0" />
      <RootComponent type="29" id="{b99fd048-8400-ef11-9f89-00224889b453}" behavior="0" />
      <RootComponent type="29" id="{dcd3fb92-7101-ef11-9f89-00224889b453}" behavior="0" />
    </RootComponents>
    <MissingDependencies>
      <MissingDependency>
        <Required type="connectionreference" displayName="crd15_sharedoffice365_39388" solution="Active" id.connectionreferencelogicalname="crd15_sharedoffice365_39388" />
        <Dependent type="29" displayName="Horario_funcionamento_v2" id="{0922c198-5ffe-ee11-a1ff-000d3a466029}" />
      </MissingDependency>
      <MissingDependency>
        <Required type="connectionreference" displayName="crd15_sharedoffice365_39388" solution="Active" id.connectionreferencelogicalname="crd15_sharedoffice365_39388" />
        <Dependent type="29" displayName="Enviar_Email_Encomenda" id="{0e5bce36-7b01-ef11-9f89-00224889b453}" />
      </MissingDependency>
      <MissingDependency>
        <Required type="connectionreference" displayName="crd15_sharedsharepointonline_4a6fe" solution="Active" id.connectionreferencelogicalname="crd15_sharedsharepointonline_4a6fe" />
        <Dependent type="29" displayName="Enviar_Email_Encomenda" id="{0e5bce36-7b01-ef11-9f89-00224889b453}" />
      </MissingDependency>
      <MissingDependency>
        <Required type="connectionreference" displayName="crd15_sharedsharepointonline_4a6fe" solution="Active" id.connectionreferencelogicalname="crd15_sharedsharepointonline_4a6fe" />
        <Dependent type="29" displayName="Get_Stock" id="{27511bd6-6d01-ef11-9f89-00224889b453}" />
      </MissingDependency>
      <MissingDependency>
        <Required type="connectionreference" displayName="crd15_sharedsharepointonline_4a6fe" solution="Active" id.connectionreferencelogicalname="crd15_sharedsharepointonline_4a6fe" />
        <Dependent type="29" displayName="Produtos" id="{65918442-5401-ef11-9f89-00224889b453}" />
      </MissingDependency>
      <MissingDependency>
        <Required type="connectionreference" displayName="crd15_sharedsharepointonline_4a6fe" solution="Active" id.connectionreferencelogicalname="crd15_sharedsharepointonline_4a6fe" />
        <Dependent type="29" displayName="Criar_Pedido" id="{dcd3fb92-7101-ef11-9f89-00224889b453}" />
      </MissingDependency>
      <MissingDependency>
        <Required type="connectionreference" displayName="new_sharedsharepointonline_83e99" solution="Active" id.connectionreferencelogicalname="new_sharedsharepointonline_83e99" />
        <Dependent type="29" displayName="Run a flow from Copilot" id="{b99fd048-8400-ef11-9f89-00224889b453}" />
      </MissingDependency>
    </MissingDependencies>
  </SolutionManifest>
</ImportExportXml>