<powerpagecomponent powerpagecomponentid="405f537b-f011-498d-bcb0-3a2bca0f9a5f">
  <content>{
  "filecontent": null,
  "copy": "&lt;div id=\"ieohz\" class=\"row sectionBlockLayout text-start\" style=\"display: flex; flex-wrap: wrap; margin: 0px; min-height: auto; padding: 8px;\"&gt;\n  &lt;div id=\"iw3xk\" class=\"container\" style=\"display: flex; flex-wrap: wrap;\"&gt;\n    &lt;div id=\"isyok\" class=\"col-lg-12 columnBlockLayout\" style=\"word-break: break-word; flex-grow: 1; display: flex; flex-direction: column; min-width: 300px; padding: 16px; margin: 60px 0px;\"&gt;\n      &lt;h2 id=\"ioiye\" style=\"text-align: center;\"&gt;Pages&lt;/h2&gt;\n      &lt;p id=\"il5el\" style=\"text-align: center;\"&gt;This section can be used to introduce the contents of the subpages and encourage your target audience to explore those pages. If this content gets too long, consider splitting it into two, smaller paragraphs.&lt;/p&gt;\n    &lt;/div&gt;\n  &lt;/div&gt;\n&lt;/div&gt;\n&lt;div id=\"ioh8gd\" class=\"row sectionBlockLayout text-start\" style=\"display: flex; flex-wrap: wrap; margin: 0px; min-height: auto; padding: 8px;\"&gt;\n  &lt;div id=\"i9lwek\" class=\"container\" style=\"padding: 0px; display: flex; flex-wrap: wrap; column-gap: 0px;\"&gt;\n    &lt;div id=\"ilycs3\" class=\"col-lg-6 columnBlockLayout\" style=\"word-break: break-word; flex-grow: 1; display: flex; flex-direction: column; min-width: 300px; margin: 60px 0px; padding: 16px; width: calc(50% + 0px);\"&gt;\n      &lt;img src=\"/Copy number 1.png\" alt=\"Image showing number one\" name=\"Copy number 1.png\" id=\"i3fk26\" style=\"width: 38%; height: 135%; max-width: 100%; margin-left: auto; margin-right: auto;\" /&gt;\n      &lt;h3 id=\"i49hfu\" style=\"text-align: center;\"&gt;Featured Item 1&lt;/h3&gt;\n      &lt;p id=\"ir9xqn\" style=\"text-align: center;\"&gt;Create a short description or engaging message to motivate your audience to find out more about this item.&lt;/p&gt;\n    &lt;/div&gt;\n    &lt;div id=\"ib7ikb\" class=\"col-lg-6 columnBlockLayout\" style=\"word-break: break-word; flex-grow: 1; display: flex; flex-direction: column; min-width: 300px; margin: 60px 0px; padding: 16px; width: calc(50% + 0px);\"&gt;\n      &lt;img src=\"/Copy number 2.png\" alt=\"Image showing number two\" name=\"Copy number 2.png\" id=\"ib77zk\" style=\"width: 38%; height: 135%; max-width: 100%; margin-left: auto; margin-right: auto;\" /&gt;\n      &lt;h3 id=\"i7on3g\" style=\"text-align: center;\"&gt;Featured Item 2&lt;/h3&gt;\n      &lt;p id=\"izeikc\" style=\"text-align: center;\"&gt;Create a short description or engaging message to motivate your audience to find out more about this item.&lt;/p&gt;\n    &lt;/div&gt;\n  &lt;/div&gt;\n&lt;/div&gt;\n&lt;div data-component-theme=\"portalThemeColor3\" id=\"iu43b2\" class=\"row sectionBlockLayout text-start\" style=\"display: flex; flex-wrap: wrap; margin: 0px; min-height: auto; padding: 8px;\"&gt;\n  &lt;div id=\"i00k04\" class=\"container\" style=\"padding: 0px; display: flex; flex-wrap: wrap;\"&gt;\n    &lt;div id=\"il17fb\" class=\"col-lg-12 columnBlockLayout\" style=\"word-break: break-word; flex-grow: 1; display: flex; flex-direction: column; min-width: 300px; margin: 174.63px 0px; padding: 16px;\"&gt;\n      &lt;h2 id=\"i45bf2\" style=\"text-align: center; color: var(--portalThemeColor7);\"&gt;Introduce another idea&lt;/h2&gt;\n      &lt;p id=\"i01pd9\" style=\"text-align: center; color: var(--portalThemeColor7);\"&gt;This section can be used to offer supporting information or introduce a new idea. It’s best to keep it relevant to the contents of the page so it doesn’t feel out of place. Common topics include a summary of your organization’s mission, people, or an upcoming event with links to provide more information.&lt;/p&gt;\n    &lt;/div&gt;\n  &lt;/div&gt;\n&lt;/div&gt;\n",
  "displayorder": 2,
  "enablerating": false,
  "enabletracking": false,
  "excludefromsearch": false,
  "feedbackpolicy": 756150000,
  "hiddenfromsitemap": false,
  "isroot": false,
  "pagetemplateid": "9a71a718-a20c-4053-a1c2-9126d65da791",
  "parentpageid": "bac431e8-72b1-45c8-b25a-d65dc26691d2",
  "partialurl": "Page-deleted",
  "publishingstateid": "15f46558-d901-417e-9f65-d964eabe81d3",
  "rootwebpageid": "a0e4db22-5761-4468-b883-46d5796b346c",
  "sharedpageconfiguration": true,
  "summary": "&lt;p&gt;This is a sample landing page designed to be a starting point for your website&lt;/p&gt;\r\n",
  "title": "Pages"
}</content>
  <iscustomizable>1</iscustomizable>
  <name>Pages-deleted</name>
  <powerpagecomponenttype>2</powerpagecomponenttype>
  <powerpagesiteid>
    <powerpagesiteid>fcc93e5b-6ee4-49ba-b5e2-7c0240ecd9fb</powerpagesiteid>
  </powerpagesiteid>
  <powerpagesitelanguageid>
    <powerpagesitelanguageid>eb436cd2-d288-436c-b151-ab5cd4382336</powerpagesitelanguageid>
  </powerpagesitelanguageid>
  <searchcontent>Pages&lt;div id="ieohz" class="row sectionBlockLayout text-start" style="display: flex; flex-wrap: wrap; margin: 0px; min-height: auto; padding: 8px;"&gt;
  &lt;div id="iw3xk" class="container" style="display: flex; flex-wrap: wrap;"&gt;
    &lt;div id="isyok" class="col-lg-12 columnBlockLayout" style="word-break: break-word; flex-grow: 1; display: flex; flex-direction: column; min-width: 300px; padding: 16px; margin: 60px 0px;"&gt;
      &lt;h2 id="ioiye" style="text-align: center;"&gt;Pages&lt;/h2&gt;
      &lt;p id="il5el" style="text-align: center;"&gt;This section can be used to introduce the contents of the subpages and encourage your target audience to explore those pages. If this content gets too long, consider splitting it into two, smaller paragraphs.&lt;/p&gt;
    &lt;/div&gt;
  &lt;/div&gt;
&lt;/div&gt;
&lt;div id="ioh8gd" class="row sectionBlockLayout text-start" style="display: flex; flex-wrap: wrap; margin: 0px; min-height: auto; padding: 8px;"&gt;
  &lt;div id="i9lwek" class="container" style="padding: 0px; display: flex; flex-wrap: wrap; column-gap: 0px;"&gt;
    &lt;div id="ilycs3" class="col-lg-6 columnBlockLayout" style="word-break: break-word; flex-grow: 1; display: flex; flex-direction: column; min-width: 300px; margin: 60px 0px; padding: 16px; width: calc(50% + 0px);"&gt;
      &lt;img src="/Copy number 1.png" alt="Image showing number one" name="Copy number 1.png" id="i3fk26" style="width: 38%; height: 135%; max-width: 100%; margin-left: auto; margin-right: auto;" /&gt;
      &lt;h3 id="i49hfu" style="text-align: center;"&gt;Featured Item 1&lt;/h3&gt;
      &lt;p id="ir9xqn" style="text-align: center;"&gt;Create a short description or engaging message to motivate your audience to find out more about this item.&lt;/p&gt;
    &lt;/div&gt;
    &lt;div id="ib7ikb" class="col-lg-6 columnBlockLayout" style="word-break: break-word; flex-grow: 1; display: flex; flex-direction: column; min-width: 300px; margin: 60px 0px; padding: 16px; width: calc(50% + 0px);"&gt;
      &lt;img src="/Copy number 2.png" alt="Image showing number two" name="Copy number 2.png" id="ib77zk" style="width: 38%; height: 135%; max-width: 100%; margin-left: auto; margin-right: auto;" /&gt;
      &lt;h3 id="i7on3g" style="text-align: center;"&gt;Featured Item 2&lt;/h3&gt;
      &lt;p id="izeikc" style="text-align: center;"&gt;Create a short description or engaging message to motivate your audience to find out more about this item.&lt;/p&gt;
    &lt;/div&gt;
  &lt;/div&gt;
&lt;/div&gt;
&lt;div data-component-theme="portalThemeColor3" id="iu43b2" class="row sectionBlockLayout text-start" style="display: flex; flex-wrap: wrap; margin: 0px; min-height: auto; padding: 8px;"&gt;
  &lt;div id="i00k04" class="container" style="padding: 0px; display: flex; flex-wrap: wrap;"&gt;
    &lt;div id="il17fb" class="col-lg-12 columnBlockLayout" style="word-break: break-word; flex-grow: 1; display: flex; flex-direction: column; min-width: 300px; margin: 174.63px 0px; padding: 16px;"&gt;
      &lt;h2 id="i45bf2" style="text-align: center; color: var(--portalThemeColor7);"&gt;Introduce another idea&lt;/h2&gt;
      &lt;p id="i01pd9" style="text-align: center; color: var(--portalThemeColor7);"&gt;This section can be used to offer supporting information or introduce a new idea. It’s best to keep it relevant to the contents of the page so it doesn’t feel out of place. Common topics include a summary of your organization’s mission, people, or an upcoming event with links to provide more information.&lt;/p&gt;
    &lt;/div&gt;
  &lt;/div&gt;
&lt;/div&gt;
Pages-deleted</searchcontent>
  <statecode>1</statecode>
  <statuscode>2</statuscode>
</powerpagecomponent>