<powerpagecomponent powerpagecomponentid="2a1f5f74-9a38-49a6-b43a-31332abac188">
  <content>{"disablepagevalidation":false,"displayimageonly":false,"displayorder":1,"displaypagechildlinks":false,"openinnewwindow":false,"pageid":"19f611c4-3990-41c7-b7de-86cfbed6a619","publishingstateid":"15f46558-d901-417e-9f65-d964eabe81d3","robotsfollowlink":true,"weblinksetid":"bdd96076-b300-40f1-9d16-a7983f1a7ffb"}</content>
  <iscustomizable>1</iscustomizable>
  <name>Profile</name>
  <powerpagecomponenttype>5</powerpagecomponenttype>
  <powerpagesiteid>
    <powerpagesiteid>fcc93e5b-6ee4-49ba-b5e2-7c0240ecd9fb</powerpagesiteid>
  </powerpagesiteid>
  <statecode>0</statecode>
  <statuscode>1</statuscode>
</powerpagecomponent>