<powerpagecomponent powerpagecomponentid="6df23de6-8e87-4388-bfd7-dfb08ffb6d2c">
  <content>{"createdOn":"2024-04-24T13:51:47.472Z","parentpageid":"bac431e8-72b1-45c8-b25a-d65dc26691d2","publishingstateid":"15f46558-d901-417e-9f65-d964eabe81d3","partialurl":"istockphoto-1212172959-612x612.jpg","title":"","summary":"","enabletracking":false,"excludefromsearch":false,"hiddenfromsitemap":false}</content>
  <filecontent mimetype="image/jpeg">istockphoto-1212172959-612x612.jpg</filecontent>
  <iscustomizable>1</iscustomizable>
  <name>istockphoto-1212172959-612x612.jpg</name>
  <powerpagecomponenttype>3</powerpagecomponenttype>
  <powerpagesiteid>
    <powerpagesiteid>fcc93e5b-6ee4-49ba-b5e2-7c0240ecd9fb</powerpagesiteid>
  </powerpagesiteid>
  <statecode>0</statecode>
  <statuscode>1</statuscode>
</powerpagecomponent>