<powerpagecomponent powerpagecomponentid="d9a14257-5bb9-41f7-840e-75cc7f3bd66f">
  <content>{"createdOn":"2024-04-24T13:22:42.136Z","parentpageid":"bac431e8-72b1-45c8-b25a-d65dc26691d2","publishingstateid":"15f46558-d901-417e-9f65-d964eabe81d3","partialurl":"Screenshot 2024-02-26 135414.png","title":"","summary":"","enabletracking":false,"excludefromsearch":false,"hiddenfromsitemap":false}</content>
  <filecontent mimetype="image/png">Screenshot%202024-02-26%20135414.png</filecontent>
  <iscustomizable>1</iscustomizable>
  <name>Screenshot 2024-02-26 135414.png</name>
  <powerpagecomponenttype>3</powerpagecomponenttype>
  <powerpagesiteid>
    <powerpagesiteid>fcc93e5b-6ee4-49ba-b5e2-7c0240ecd9fb</powerpagesiteid>
  </powerpagesiteid>
  <statecode>0</statecode>
  <statuscode>1</statuscode>
</powerpagecomponent>