<powerpagecomponent powerpagecomponentid="967c7943-000c-4570-88db-18d2713df1d4">
  <content>{
  "powerpagesitelanguageid": "eb436cd2-d288-436c-b151-ab5cd4382336",
  "filecontent": null,
  "display_name": "Site name",
  "type": 756150000,
  "value": "Power Gym Girls"
}</content>
  <iscustomizable>1</iscustomizable>
  <name>Site name</name>
  <powerpagecomponenttype>7</powerpagecomponenttype>
  <powerpagesiteid>
    <powerpagesiteid>fcc93e5b-6ee4-49ba-b5e2-7c0240ecd9fb</powerpagesiteid>
  </powerpagesiteid>
  <powerpagesitelanguageid>
    <powerpagesitelanguageid>eb436cd2-d288-436c-b151-ab5cd4382336</powerpagesitelanguageid>
  </powerpagesitelanguageid>
  <statecode>0</statecode>
  <statuscode>1</statuscode>
</powerpagecomponent>