<powerpagecomponent powerpagecomponentid="522b3d8e-594c-297a-d94d-6172184ae190">
  <content>{
  "filecontent": null,
  "displayorder": 7,
  "customcss": "@import url('https://content.powerapps.com/resource/powerappsportal/fonts/oswald/v49/400.css');\n",
  "customjavascript": "",
  "pagetemplateid": "9a71a718-a20c-4053-a1c2-9126d65da791",
  "parentpageid": "bac431e8-72b1-45c8-b25a-d65dc26691d2",
  "partialurl": "Fitness-Classes",
  "isroot": false,
  "rootwebpageid": "39c80152-a8ac-c0bb-d0c7-a9aec59f6297",
  "title": "Fitness Classes",
  "summary": "&lt;p&gt;This is a sample landing page designed to be a starting point for your website&lt;/p&gt;",
  "copy": "&lt;div id=\"iibfb\" class=\"row sectionBlockLayout text-start\" style=\"display: flex; flex-wrap: wrap; padding: 8px; margin: 0px; min-height: 361px;\"&gt;\n  &lt;div id=\"ilwnz\" class=\"container\" style=\"display: flex; flex-wrap: wrap;\"&gt;\n    &lt;div id=\"iqvvn\" class=\"col-lg-12 columnBlockLayout\" style=\"flex-grow: 1; min-width: 250px; word-break: break-word; display: flex; flex-direction: column;\"&gt;\n      &lt;h2 id=\"iqkam4\" style=\"text-align: center; color: var(--portalThemeColor1);\"&gt;​&lt;b id=\"ikst6z\" aria-label=\"Text Fitness Classes Press enter to edit\" style=\"position: relative;\"&gt;Fitness Classes&amp;nbsp;&lt;/b&gt;&lt;/h2&gt;\n      &lt;p id=\"if8ric\"&gt;Here at Power Gym Girls we provide a specific range of classes, with a focus on Yoga, Cycling and Body Building. We believe these three activities provide the needed mental and physical nourishment our body needs.&amp;nbsp;&lt;/p&gt;\n    &lt;/div&gt;\n  &lt;/div&gt;\n&lt;/div&gt;\n&lt;div id=\"imwlh\" class=\"row sectionBlockLayout\" style=\"display: flex; flex-wrap: wrap; margin: 0px; text-align: center; min-height: auto; padding: 8px;\"&gt;\n  &lt;div id=\"iprjo\" class=\"container\" style=\"display: flex; flex-wrap: wrap;\"&gt;\n    &lt;div id=\"ir2738\" class=\"col-lg-6 columnBlockLayout\" style=\"flex-grow: 1; min-width: 250px; word-break: break-word; display: flex; flex-direction: column; margin-left: 0px; margin-right: 0px;\"&gt;\n      &lt;img src=\"/Smiling-woman-doing-yoga.jpg\" id=\"i1qrbd\" alt=\"Smiling-woman-doing-yoga\" name=\"Smiling-woman-doing-yoga.jpg\" style=\"max-width: 100%; width: 100%; height: auto; background-color: #fafafa;\" /&gt;\n      &lt;h3 id=\"iddg2m\"&gt;&lt;b&gt;Yoga&lt;/b&gt;&lt;/h3&gt;\n      &lt;p id=\"iii2yh\"&gt;Our Yoga classes are tailored to your very needs and tend to focus on mindfullness, flexibility and body mobility.&lt;/p&gt;\n    &lt;/div&gt;\n    &lt;div id=\"ihzt72\" class=\"col-lg-6 columnBlockLayout\" style=\"flex-grow: 1; min-width: 250px; word-break: break-word; display: flex; flex-direction: column; margin-left: 0px; margin-right: 0px;\"&gt;\n      &lt;img src=\"/People-on-stationary-bikes.jpg\" id=\"inz1es\" alt=\"People-on-stationary-bikes\" name=\"People-on-stationary-bikes.jpg\" style=\"max-width: 100%; width: 100%; height: auto; background-color: #fafafa;\" /&gt;\n      &lt;h3 id=\"ir6rik\"&gt;&lt;b&gt;Cycling&lt;/b&gt;&lt;/h3&gt;\n      &lt;p id=\"iyrwaz\"&gt;Our cycling classes are customized to suit your individual goals, emphasizing endurance, strength, and cardiovascular health, ensuring an invigorating and dynamic experience on the bike.&lt;/p&gt;\n    &lt;/div&gt;\n    &lt;div id=\"ihzt73\" class=\"col-lg-6 columnBlockLayout\" style=\"flex-grow: 1; min-width: 250px; word-break: break-word; display: flex; flex-direction: column; margin-left: 0px; margin-right: 0px;\"&gt;\n      &lt;img src=\"/Woman-in-workout-outfit-lifting-dumbbell.jpg\" id=\"inz1es-2\" alt=\"Woman-in-workout-outfit-lifting-dumbbell\" name=\"Woman-in-workout-outfit-lifting-dumbbell.jpg\" style=\"max-width: 100%; width: 100%; height: auto; background-color: #fafafa;\" /&gt;\n      &lt;h3 id=\"ir6rik-2\"&gt;&lt;b&gt;Body Building&lt;/b&gt;&lt;/h3&gt;\n      &lt;p id=\"iytqqz\"&gt;Our bodybuilding classes are designed to cater to your specific objectives, with a strong emphasis on strength, muscle development, and overall physical conditioning, empowering you to sculpt your body and achieve your fitness goals effectively.&lt;/p&gt;\n    &lt;/div&gt;\n  &lt;/div&gt;\n&lt;/div&gt;\n",
  "publishingstateid": "15f46558-d901-417e-9f65-d964eabe81d3",
  "enablerating": false,
  "enabletracking": false,
  "excludefromsearch": false,
  "hiddenfromsitemap": true,
  "sharedpageconfiguration": false
}</content>
  <iscustomizable>1</iscustomizable>
  <name>Fitness Classes</name>
  <powerpagecomponenttype>2</powerpagecomponenttype>
  <powerpagesiteid>
    <powerpagesiteid>fcc93e5b-6ee4-49ba-b5e2-7c0240ecd9fb</powerpagesiteid>
  </powerpagesiteid>
  <powerpagesitelanguageid>
    <powerpagesitelanguageid>eb436cd2-d288-436c-b151-ab5cd4382336</powerpagesitelanguageid>
  </powerpagesitelanguageid>
  <searchcontent>Fitness Classes&lt;div id="iibfb" class="row sectionBlockLayout text-start" style="display: flex; flex-wrap: wrap; padding: 8px; margin: 0px; min-height: 361px;"&gt;
  &lt;div id="ilwnz" class="container" style="display: flex; flex-wrap: wrap;"&gt;
    &lt;div id="iqvvn" class="col-lg-12 columnBlockLayout" style="flex-grow: 1; min-width: 250px; word-break: break-word; display: flex; flex-direction: column;"&gt;
      &lt;h2 id="iqkam4" style="text-align: center; color: var(--portalThemeColor1);"&gt;​&lt;b id="ikst6z" aria-label="Text Fitness Classes Press enter to edit" style="position: relative;"&gt;Fitness Classes&amp;nbsp;&lt;/b&gt;&lt;/h2&gt;
      &lt;p id="if8ric"&gt;Here at Power Gym Girls we provide a specific range of classes, with a focus on Yoga, Cycling and Body Building. We believe these three activities provide the needed mental and physical nourishment our body needs.&amp;nbsp;&lt;/p&gt;
    &lt;/div&gt;
  &lt;/div&gt;
&lt;/div&gt;
&lt;div id="imwlh" class="row sectionBlockLayout" style="display: flex; flex-wrap: wrap; margin: 0px; text-align: center; min-height: auto; padding: 8px;"&gt;
  &lt;div id="iprjo" class="container" style="display: flex; flex-wrap: wrap;"&gt;
    &lt;div id="ir2738" class="col-lg-6 columnBlockLayout" style="flex-grow: 1; min-width: 250px; word-break: break-word; display: flex; flex-direction: column; margin-left: 0px; margin-right: 0px;"&gt;
      &lt;img src="/Smiling-woman-doing-yoga.jpg" id="i1qrbd" alt="Smiling-woman-doing-yoga" name="Smiling-woman-doing-yoga.jpg" style="max-width: 100%; width: 100%; height: auto; background-color: #fafafa;" /&gt;
      &lt;h3 id="iddg2m"&gt;&lt;b&gt;Yoga&lt;/b&gt;&lt;/h3&gt;
      &lt;p id="iii2yh"&gt;Our Yoga classes are tailored to your very needs and tend to focus on mindfullness, flexibility and body mobility.&lt;/p&gt;
    &lt;/div&gt;
    &lt;div id="ihzt72" class="col-lg-6 columnBlockLayout" style="flex-grow: 1; min-width: 250px; word-break: break-word; display: flex; flex-direction: column; margin-left: 0px; margin-right: 0px;"&gt;
      &lt;img src="/People-on-stationary-bikes.jpg" id="inz1es" alt="People-on-stationary-bikes" name="People-on-stationary-bikes.jpg" style="max-width: 100%; width: 100%; height: auto; background-color: #fafafa;" /&gt;
      &lt;h3 id="ir6rik"&gt;&lt;b&gt;Cycling&lt;/b&gt;&lt;/h3&gt;
      &lt;p id="iyrwaz"&gt;Our cycling classes are customized to suit your individual goals, emphasizing endurance, strength, and cardiovascular health, ensuring an invigorating and dynamic experience on the bike.&lt;/p&gt;
    &lt;/div&gt;
    &lt;div id="ihzt73" class="col-lg-6 columnBlockLayout" style="flex-grow: 1; min-width: 250px; word-break: break-word; display: flex; flex-direction: column; margin-left: 0px; margin-right: 0px;"&gt;
      &lt;img src="/Woman-in-workout-outfit-lifting-dumbbell.jpg" id="inz1es-2" alt="Woman-in-workout-outfit-lifting-dumbbell" name="Woman-in-workout-outfit-lifting-dumbbell.jpg" style="max-width: 100%; width: 100%; height: auto; background-color: #fafafa;" /&gt;
      &lt;h3 id="ir6rik-2"&gt;&lt;b&gt;Body Building&lt;/b&gt;&lt;/h3&gt;
      &lt;p id="iytqqz"&gt;Our bodybuilding classes are designed to cater to your specific objectives, with a strong emphasis on strength, muscle development, and overall physical conditioning, empowering you to sculpt your body and achieve your fitness goals effectively.&lt;/p&gt;
    &lt;/div&gt;
  &lt;/div&gt;
&lt;/div&gt;
Fitness Classes</searchcontent>
  <statecode>0</statecode>
  <statuscode>1</statuscode>
</powerpagecomponent>