<powerpagecomponent powerpagecomponentid="f499d5b4-cca9-4856-92f6-72cdd6841a53">
  <content>{"createdOn":"2024-04-24T13:33:46.423Z","parentpageid":"bac431e8-72b1-45c8-b25a-d65dc26691d2","publishingstateid":"15f46558-d901-417e-9f65-d964eabe81d3","partialurl":"Woof-Me-Yong-Kim-via-The-Philadelphia-Inquirer-2022.jpg","title":"","summary":"","enabletracking":false,"excludefromsearch":false,"hiddenfromsitemap":false}</content>
  <filecontent mimetype="image/jpeg">Woof-Me-Yong-Kim-via-The-Philadelphia-Inquirer-2022.jpg</filecontent>
  <iscustomizable>1</iscustomizable>
  <name>Woof-Me-Yong-Kim-via-The-Philadelphia-Inquirer-2022.jpg</name>
  <powerpagecomponenttype>3</powerpagecomponenttype>
  <powerpagesiteid>
    <powerpagesiteid>fcc93e5b-6ee4-49ba-b5e2-7c0240ecd9fb</powerpagesiteid>
  </powerpagesiteid>
  <statecode>0</statecode>
  <statuscode>1</statuscode>
</powerpagecomponent>