<powerpagecomponent powerpagecomponentid="e2167867-7b00-4ff6-acb8-d03479f5f25a">
  <content>{"contentdisposition":756150000,"enabletracking":false,"excludefromsearch":false,"hiddenfromsitemap":false,"parentpageid":"bac431e8-72b1-45c8-b25a-d65dc26691d2","partialurl":"Picture1.png","publishingstateid":"15f46558-d901-417e-9f65-d964eabe81d3"}</content>
  <filecontent mimetype="application/octet-stream">Picture1.png</filecontent>
  <iscustomizable>1</iscustomizable>
  <name>Picture1.png</name>
  <powerpagecomponenttype>3</powerpagecomponenttype>
  <powerpagesiteid>
    <powerpagesiteid>fcc93e5b-6ee4-49ba-b5e2-7c0240ecd9fb</powerpagesiteid>
  </powerpagesiteid>
  <statecode>0</statecode>
  <statuscode>1</statuscode>
</powerpagecomponent>