<powerpagecomponent powerpagecomponentid="8f889947-1e0f-429b-959b-15549fa47bd6">
  <content>{"createdOn":"2024-04-24T13:38:58.621Z","parentpageid":"bac431e8-72b1-45c8-b25a-d65dc26691d2","publishingstateid":"15f46558-d901-417e-9f65-d964eabe81d3","partialurl":"hot-yoga-london-best-studios-2024-65cf8340ab571.jpg","title":"","summary":"","enabletracking":false,"excludefromsearch":false,"hiddenfromsitemap":false}</content>
  <filecontent mimetype="image/jpeg">hot-yoga-london-best-studios-2024-65cf8340ab571.jpg</filecontent>
  <iscustomizable>1</iscustomizable>
  <name>hot-yoga-london-best-studios-2024-65cf8340ab571.jpg</name>
  <powerpagecomponenttype>3</powerpagecomponenttype>
  <powerpagesiteid>
    <powerpagesiteid>fcc93e5b-6ee4-49ba-b5e2-7c0240ecd9fb</powerpagesiteid>
  </powerpagesiteid>
  <statecode>0</statecode>
  <statuscode>1</statuscode>
</powerpagecomponent>