<powerpagecomponent powerpagecomponentid="746391ab-1224-4cac-9e1e-603876332716">
  <content>{
  "filecontent": null,
  "disablepagevalidation": false,
  "displayimageonly": false,
  "displayorder": 6,
  "displaypagechildlinks": false,
  "openinnewwindow": false,
  "pageid": "a0e4db22-5761-4468-b883-46d5796b346c",
  "publishingstateid": "15f46558-d901-417e-9f65-d964eabe81d3",
  "robotsfollowlink": true,
  "weblinksetid": "ece6526c-7323-4a17-b6d1-b3d2c02a0694",
  "parentweblinkid": null
}</content>
  <iscustomizable>1</iscustomizable>
  <name>Pages-deleted</name>
  <powerpagecomponenttype>5</powerpagecomponenttype>
  <powerpagesiteid>
    <powerpagesiteid>fcc93e5b-6ee4-49ba-b5e2-7c0240ecd9fb</powerpagesiteid>
  </powerpagesiteid>
  <statecode>1</statecode>
  <statuscode>2</statuscode>
</powerpagecomponent>