{"schemaVersion":"1.0","appDefinitionTemplate":{"id":"/providers/Microsoft.PowerApps/apps/","type":"Microsoft.PowerApps/apps","tags":{"primaryDeviceWidth":"1366","primaryDeviceHeight":"768","supportsPortrait":"true","supportsLandscape":"true","primaryFormFactor":"Tablet","showStatusBar":"false","publisherVersion":"3.24041.27","minimumRequiredApiVersion":"2.2.0","hasComponent":"true","hasUnlockedComponent":"true","isUnifiedRootApp":"false","offlineLargeFilesSupport":"false","sienaVersion":"20240418T131809Z-3.24041.27.0"},"properties":{"appVersion":"2024-04-18T13:18:09Z","lifeCycleId":"Published","createdByClientVersion":{"major":3,"minor":24041,"build":27,"revision":0,"majorRevision":0,"minorRevision":0},"minClientVersion":{"major":3,"minor":24041,"build":27,"revision":0,"majorRevision":0,"minorRevision":0},"backgroundColor":"rgba(17, 17, 31, 1)","backgroundImageUri":"/8622338585019868214/Ndc4052ce-9229-4923-9470-39ddb07478f7-logoSmallFile","displayName":"PowerGymGirls_Tablet","description":"","commitMessage":"","appUris":{"documentUri":{"value":"/8622338585019868214/Nbbfdf3db-4995-49d5-b938-f1e9a14304f0-document.msapp"},"imageUris":[],"additionalUris":[{"isSolutionAware":false,"value":"/8622338585019868214/N3fc3a773-ab36-48d6-91df-fe781c110aec-identity.json"}]},"createdTime":"0001-01-01T00:00:00Z","lastModifiedTime":"0001-01-01T00:00:00Z","sharedGroupsCount":0,"sharedUsersCount":0,"connectionReferences":{},"authorizationReferences":[{"resourceId":"powerbi"}],"databaseReferences":{"default.cds":{"databaseDetails":{"referenceType":"Environmental","environmentName":"default.cds","overrideValues":{"status":"NotSpecified","environmentVariableName":""}},"dataSources":{"Users_Infos":{"entitySetName":"crd15_users_infos","logicalName":"crd15_users_info","isHidden":false},"Log Maintenances":{"entitySetName":"crd15_logmaintenances","logicalName":"crd15_logmaintenance","isHidden":false},"Version_Controls":{"entitySetName":"crd15_version_controls","logicalName":"crd15_version_control","isHidden":false}},"actions":["providers/PowerPlatform.Governance/Operations/Read","providers/PowerPlatform.Governance/Operations/Write","providers/PowerPlatform.Governance/Operations/Delete"]}},"almMode":"Environment","performanceOptimizationEnabled":true,"canConsumeAppPass":true,"enableModernRuntimeMode":false,"executionRestrictions":{"isTeamsOnly":false,"dataLossPreventionEvaluationResult":{"status":"Compliant","lastEvaluationDate":"2024-03-13T13:34:30.7210888Z","violations":[],"violationsByPolicy":[],"violationErrorMessage":"The app uses the following connectors: ."}}},"appType":"ClassicCanvasApp","appComponents":[]}}