<powerpagecomponent powerpagecomponentid="bb2e8804-fb73-40ff-921d-b80d7a6b2ae2">
  <content>{"createdOn":"2024-04-24T14:15:16.976Z","parentpageid":"bac431e8-72b1-45c8-b25a-d65dc26691d2","publishingstateid":"15f46558-d901-417e-9f65-d964eabe81d3","partialurl":"muculacaoicon2.png","title":"","summary":"","enabletracking":false,"excludefromsearch":false,"hiddenfromsitemap":false}</content>
  <filecontent mimetype="image/png">muculacao_icon2.png</filecontent>
  <iscustomizable>1</iscustomizable>
  <name>muculacao_icon2.png</name>
  <powerpagecomponenttype>3</powerpagecomponenttype>
  <powerpagesiteid>
    <powerpagesiteid>fcc93e5b-6ee4-49ba-b5e2-7c0240ecd9fb</powerpagesiteid>
  </powerpagesiteid>
  <statecode>0</statecode>
  <statuscode>1</statuscode>
</powerpagecomponent>