<powerpagecomponent powerpagecomponentid="f3d72769-31c7-4ae6-9ee1-2871763a7b4f">
  <content>{"createdOn":"2024-04-24T09:03:08.444Z","parentpageid":"bac431e8-72b1-45c8-b25a-d65dc26691d2","publishingstateid":"15f46558-d901-417e-9f65-d964eabe81d3","partialurl":"Screenshot 2024-02-26 091424.png","title":"","summary":"","enabletracking":false,"excludefromsearch":false,"hiddenfromsitemap":false}</content>
  <filecontent mimetype="image/png">Screenshot%202024-02-26%20091424.png</filecontent>
  <iscustomizable>1</iscustomizable>
  <name>Screenshot 2024-02-26 091424.png</name>
  <powerpagecomponenttype>3</powerpagecomponenttype>
  <powerpagesiteid>
    <powerpagesiteid>fcc93e5b-6ee4-49ba-b5e2-7c0240ecd9fb</powerpagesiteid>
  </powerpagesiteid>
  <statecode>0</statecode>
  <statuscode>1</statuscode>
</powerpagecomponent>