<powerpagecomponent powerpagecomponentid="735c989b-abe8-4df5-9dd3-5cc4c7125110">
  <content>{"copy":"&lt;div class='row sectionBlockLayout text-start' style='min-height: auto; padding: 8px;'&gt;\r\n  &lt;div class='container' style='display: flex; flex-wrap: wrap;'&gt;\r\n    &lt;div class='col-lg-12 columnBlockLayout' style='padding: 16px; margin: 60px 0px;'&gt;&lt;/div&gt;\r\n  &lt;/div&gt;\r\n&lt;/div&gt;\r\n","enablerating":false,"enabletracking":false,"excludefromsearch":false,"feedbackpolicy":756150000,"hiddenfromsitemap":true,"isroot":true,"pagetemplateid":"344ee682-7dc3-4825-8a99-228a30172744","parentpageid":"bac431e8-72b1-45c8-b25a-d65dc26691d2","partialurl":"search","publishingstateid":"15f46558-d901-417e-9f65-d964eabe81d3","sharedpageconfiguration":true,"summary":"&lt;p&gt;This is a sample landing page designed to be a starting point for your website&lt;/p&gt;\r\n","title":"search"}</content>
  <iscustomizable>1</iscustomizable>
  <name>Search</name>
  <powerpagecomponenttype>2</powerpagecomponenttype>
  <powerpagesiteid>
    <powerpagesiteid>fcc93e5b-6ee4-49ba-b5e2-7c0240ecd9fb</powerpagesiteid>
  </powerpagesiteid>
  <searchcontent>search&lt;div class='row sectionBlockLayout text-start' style='min-height: auto; padding: 8px;'&gt;
  &lt;div class='container' style='display: flex; flex-wrap: wrap;'&gt;
    &lt;div class='col-lg-12 columnBlockLayout' style='padding: 16px; margin: 60px 0px;'&gt;&lt;/div&gt;
  &lt;/div&gt;
&lt;/div&gt;
Search</searchcontent>
  <statecode>0</statecode>
  <statuscode>1</statuscode>
</powerpagecomponent>