<powerpagecomponent powerpagecomponentid="df019dcb-046b-095f-8620-426b835493b6">
  <content>{
  "displayorder": 8,
  "parentweblinkid": "d60242a5-bbba-96ef-43a8-82d767145ead",
  "weblinksetid": "ece6526c-7323-4a17-b6d1-b3d2c02a0694",
  "pageid": "0993e745-ff30-bb00-098c-6bcb7e4b369b",
  "publishingstateid": "15f46558-d901-417e-9f65-d964eabe81d3",
  "displaypagevalidation": false,
  "displayimageonly": false,
  "displaypagechildlinks": false,
  "openinnewwindow": false,
  "robotsfollowlink": true
}</content>
  <iscustomizable>1</iscustomizable>
  <name>Cycling</name>
  <powerpagecomponenttype>5</powerpagecomponenttype>
  <powerpagesiteid>
    <powerpagesiteid>fcc93e5b-6ee4-49ba-b5e2-7c0240ecd9fb</powerpagesiteid>
  </powerpagesiteid>
  <statecode>0</statecode>
  <statuscode>1</statuscode>
</powerpagecomponent>