<powerpagecomponent powerpagecomponentid="6ad483e0-af4b-43ea-9684-0945da94691c">
  <content>{"createdOn":"2024-04-24T13:37:27.119Z","parentpageid":"bac431e8-72b1-45c8-b25a-d65dc26691d2","publishingstateid":"15f46558-d901-417e-9f65-d964eabe81d3","partialurl":"females-in-sportswear-raising-legs-and-doing-royalty-free-image-1705502435.jpg","title":"","summary":"","enabletracking":false,"excludefromsearch":false,"hiddenfromsitemap":false}</content>
  <filecontent mimetype="image/jpeg">females-in-sportswear-raising-legs-and-doing-royalty-free-image-1705502435.jpg</filecontent>
  <iscustomizable>1</iscustomizable>
  <name>females-in-sportswear-raising-legs-and-doing-royalty-free-image-1705502435.jpg</name>
  <powerpagecomponenttype>3</powerpagecomponenttype>
  <powerpagesiteid>
    <powerpagesiteid>fcc93e5b-6ee4-49ba-b5e2-7c0240ecd9fb</powerpagesiteid>
  </powerpagesiteid>
  <statecode>0</statecode>
  <statuscode>1</statuscode>
</powerpagecomponent>