<powerpagecomponent powerpagecomponentid="1d93bb79-dad3-4a10-87bd-250c605d0574">
  <content>{"createdOn":"2024-04-24T09:08:09.749Z","parentpageid":"bac431e8-72b1-45c8-b25a-d65dc26691d2","publishingstateid":"15f46558-d901-417e-9f65-d964eabe81d3","partialurl":"muculacaoicon.png","title":"","summary":"","enabletracking":false,"excludefromsearch":false,"hiddenfromsitemap":false}</content>
  <filecontent mimetype="image/png">muculacao_icon.png</filecontent>
  <iscustomizable>1</iscustomizable>
  <name>muculacao_icon.png</name>
  <powerpagecomponenttype>3</powerpagecomponenttype>
  <powerpagesiteid>
    <powerpagesiteid>fcc93e5b-6ee4-49ba-b5e2-7c0240ecd9fb</powerpagesiteid>
  </powerpagesiteid>
  <statecode>0</statecode>
  <statuscode>1</statuscode>
</powerpagecomponent>