<powerpagecomponent powerpagecomponentid="bb3fcae3-9ec4-402a-81a2-957ba29a9ed1">
  <content>{"createdOn":"2024-04-24T12:43:18.637Z","parentpageid":"bac431e8-72b1-45c8-b25a-d65dc26691d2","publishingstateid":"15f46558-d901-417e-9f65-d964eabe81d3","partialurl":"People-on-stationary-bikes.jpg","title":"","summary":"","enabletracking":false,"excludefromsearch":false,"hiddenfromsitemap":false}</content>
  <filecontent mimetype="image/jpeg">People-on-stationary-bikes.jpg</filecontent>
  <iscustomizable>1</iscustomizable>
  <name>People-on-stationary-bikes.jpg</name>
  <powerpagecomponenttype>3</powerpagecomponenttype>
  <powerpagesiteid>
    <powerpagesiteid>fcc93e5b-6ee4-49ba-b5e2-7c0240ecd9fb</powerpagesiteid>
  </powerpagesiteid>
  <statecode>0</statecode>
  <statuscode>1</statuscode>
</powerpagecomponent>