<powerpagecomponent powerpagecomponentid="deab50f7-eb5f-4d9a-9801-f69e3dd2b877">
  <content>{
  "powerpagesitelanguageid": "eb436cd2-d288-436c-b151-ab5cd4382336",
  "filecontent": null,
  "display_name": "Logo URL",
  "type": 756150000,
  "value": "/Screenshot 2024-02-26 091424 - Copy.png"
}</content>
  <iscustomizable>1</iscustomizable>
  <name>Logo URL</name>
  <powerpagecomponenttype>7</powerpagecomponenttype>
  <powerpagesiteid>
    <powerpagesiteid>fcc93e5b-6ee4-49ba-b5e2-7c0240ecd9fb</powerpagesiteid>
  </powerpagesiteid>
  <powerpagesitelanguageid>
    <powerpagesitelanguageid>eb436cd2-d288-436c-b151-ab5cd4382336</powerpagesitelanguageid>
  </powerpagesitelanguageid>
  <statecode>0</statecode>
  <statuscode>1</statuscode>
</powerpagecomponent>