<powerpagecomponent powerpagecomponentid="2c0fb960-06ef-484c-97b0-8710fdad4017">
  <content>{"contentdisposition":756150000,"enabletracking":false,"excludefromsearch":false,"hiddenfromsitemap":false,"parentpageid":"bac431e8-72b1-45c8-b25a-d65dc26691d2","partialurl":"Video2.png","publishingstateid":"15f46558-d901-417e-9f65-d964eabe81d3"}</content>
  <filecontent mimetype="application/octet-stream">Video2.png</filecontent>
  <iscustomizable>1</iscustomizable>
  <name>Video2.png</name>
  <powerpagecomponenttype>3</powerpagecomponenttype>
  <powerpagesiteid>
    <powerpagesiteid>fcc93e5b-6ee4-49ba-b5e2-7c0240ecd9fb</powerpagesiteid>
  </powerpagesiteid>
  <statecode>0</statecode>
  <statuscode>1</statuscode>
</powerpagecomponent>