<powerpagecomponent powerpagecomponentid="50074d66-edfa-4990-b27b-f0a010dc0dd2">
  <content>{"createdOn":"2024-04-24T13:50:09.449Z","parentpageid":"bac431e8-72b1-45c8-b25a-d65dc26691d2","publishingstateid":"15f46558-d901-417e-9f65-d964eabe81d3","partialurl":"these-workouts-are-how-strong-women-get-built-header-960x540.jpg","title":"","summary":"","enabletracking":false,"excludefromsearch":false,"hiddenfromsitemap":false}</content>
  <filecontent mimetype="image/jpeg">these-workouts-are-how-strong-women-get-built-header-960x540.jpg</filecontent>
  <iscustomizable>1</iscustomizable>
  <name>these-workouts-are-how-strong-women-get-built-header-960x540.jpg</name>
  <powerpagecomponenttype>3</powerpagecomponenttype>
  <powerpagesiteid>
    <powerpagesiteid>fcc93e5b-6ee4-49ba-b5e2-7c0240ecd9fb</powerpagesiteid>
  </powerpagesiteid>
  <statecode>0</statecode>
  <statuscode>1</statuscode>
</powerpagecomponent>