<powerpagecomponent powerpagecomponentid="6604b31b-adcc-42c8-83b1-eb75c2f0fb7a">
  <content>{"createdOn":"2024-04-24T09:50:52.966Z","parentpageid":"bac431e8-72b1-45c8-b25a-d65dc26691d2","publishingstateid":"15f46558-d901-417e-9f65-d964eabe81d3","partialurl":"Woman-on-exercise-bike-drinking-water.jpg","title":"","summary":"","enabletracking":false,"excludefromsearch":false,"hiddenfromsitemap":false}</content>
  <filecontent mimetype="image/jpeg">Woman-on-exercise-bike-drinking-water.jpg</filecontent>
  <iscustomizable>1</iscustomizable>
  <name>Woman-on-exercise-bike-drinking-water.jpg</name>
  <powerpagecomponenttype>3</powerpagecomponenttype>
  <powerpagesiteid>
    <powerpagesiteid>fcc93e5b-6ee4-49ba-b5e2-7c0240ecd9fb</powerpagesiteid>
  </powerpagesiteid>
  <statecode>0</statecode>
  <statuscode>1</statuscode>
</powerpagecomponent>