{"schemaVersion":"1.0","appDefinitionTemplate":{"id":"/providers/Microsoft.PowerApps/apps/","type":"Microsoft.PowerApps/apps","tags":{"primaryDeviceWidth":"640","primaryDeviceHeight":"1136","sienaVersion":"20240417T102245Z-3.24041.27.0","deviceCapabilities":"","supportsPortrait":"true","supportsLandscape":"true","primaryFormFactor":"Phone","publisherVersion":"3.24041.27","minimumRequiredApiVersion":"2.2.0","hasComponent":"true","hasUnlockedComponent":"true","isUnifiedRootApp":"false","showStatusBar":"false","offlineLargeFilesSupport":"false","coauthoringEnabled":"false"},"properties":{"appVersion":"2024-04-17T10:22:45Z","lifeCycleId":"Published","createdByClientVersion":{"major":3,"minor":24041,"build":27,"revision":0,"majorRevision":0,"minorRevision":0},"minClientVersion":{"major":3,"minor":24041,"build":27,"revision":0,"majorRevision":0,"minorRevision":0},"backgroundColor":"rgba(17, 17, 31, 1)","backgroundImageUri":"/6705916711180856497/Ne69559b6-db7a-4732-898d-872588e2d4b2-logoSmallFile","displayName":"PowerGymGirls_Mobile","description":"","commitMessage":"","appUris":{"documentUri":{"value":"/6705916711180856497/N8dc1d66f-e413-4aba-bc09-19159907fce8-document.msapp"},"imageUris":[],"additionalUris":[{"isSolutionAware":false,"value":"/6705916711180856497/Nc12dbd15-ff4a-4763-a8d8-8d2d8c9bb556-identity.json"}]},"createdTime":"0001-01-01T00:00:00Z","lastModifiedTime":"0001-01-01T00:00:00Z","sharedGroupsCount":0,"sharedUsersCount":0,"connectionReferences":{},"databaseReferences":{"default.cds":{"databaseDetails":{"referenceType":"Environmental","environmentName":"default.cds","overrideValues":{"status":"NotSpecified","environmentVariableName":""}},"dataSources":{"Users_Infos":{"entitySetName":"crd15_users_infos","logicalName":"crd15_users_info","isHidden":false},"Gym_Maintenance_Logs":{"entitySetName":"crd15_gymmaintenancerecords","logicalName":"crd15_gymmaintenancerecord","isHidden":false},"Log Maintenances":{"entitySetName":"crd15_logmaintenances","logicalName":"crd15_logmaintenance","isHidden":false},"Maintenance_Lists":{"entitySetName":"crd15_maintenance_lists","logicalName":"crd15_maintenance_list","isHidden":false}},"actions":["providers/PowerPlatform.Governance/Operations/Read","providers/PowerPlatform.Governance/Operations/Write"]}},"almMode":"Environment","performanceOptimizationEnabled":true,"canConsumeAppPass":true,"enableModernRuntimeMode":false,"executionRestrictions":{"isTeamsOnly":false,"dataLossPreventionEvaluationResult":{"status":"Compliant","lastEvaluationDate":"2024-03-11T15:25:51.2065107Z","violations":[],"violationsByPolicy":[],"violationErrorMessage":"The app uses the following connectors: ."}}},"appType":"ClassicCanvasApp","appComponents":[]}}