<powerpagecomponent powerpagecomponentid="b177ec79-5c0a-8a63-b740-c3253396d8ba">
  <content>{
  "filecontent": null,
  "displayorder": 3,
  "parentweblinkid": "d60242a5-bbba-96ef-43a8-82d767145ead",
  "weblinksetid": "ece6526c-7323-4a17-b6d1-b3d2c02a0694",
  "pageid": "cd5eaa4b-8100-6884-6693-054851bfc5d3",
  "publishingstateid": "15f46558-d901-417e-9f65-d964eabe81d3",
  "displaypagevalidation": false,
  "displayimageonly": false,
  "displaypagechildlinks": false,
  "openinnewwindow": false,
  "robotsfollowlink": true
}</content>
  <iscustomizable>1</iscustomizable>
  <name>Cycling-deleted</name>
  <powerpagecomponenttype>5</powerpagecomponenttype>
  <powerpagesiteid>
    <powerpagesiteid>fcc93e5b-6ee4-49ba-b5e2-7c0240ecd9fb</powerpagesiteid>
  </powerpagesiteid>
  <statecode>1</statecode>
  <statuscode>2</statuscode>
</powerpagecomponent>